cts,date,GPS (Lat.) [deg],GPS (Long.) [deg],GPS (Alt.) [m],GPS (2D) [m/s],GPS (3D) [m/s],GPS (days) [deg],GPS (secs) [s],GPS (DOP) [deg],GPS (fix) [deg],altitude system
48.711,2023-06-08T09:28:20.599Z,32.7744372,35.0245934,219.545,0.011,0.06,8559,34100.6,1.6,3,MSLV
149.28609999999998,2023-06-08T09:28:20.699Z,32.7744371,35.0245934,219.534,0.073,0.01,8559,34100.7,1.6,3,MSLV
249.86119999999997,2023-06-08T09:28:20.800Z,32.7744371,35.0245933,219.532,0.057,0.07,8559,34100.8,1.55,3,MSLV
350.43629999999996,2023-06-08T09:28:20.900Z,32.774437,35.0245934,219.513,0.065,0.06,8559,34100.9,1.55,3,MSLV
451.0114,2023-06-08T09:28:21.000Z,32.7744371,35.0245933,219.503,0.081,0.07,8559,34101,1.55,3,MSLV
551.5865,2023-06-08T09:28:21.099Z,32.7744369,35.0245933,219.494,0.047,0.08,8559,34101.1,1.55,3,MSLV
652.1616,2023-06-08T09:28:21.199Z,32.774437,35.0245931,219.495,0.078,0.05,8559,34101.2,1.55,3,MSLV
752.7367,2023-06-08T09:28:21.300Z,32.7744369,35.0245933,219.485,0.11,0.08,8559,34101.3,1.55,3,MSLV
853.3118000000001,2023-06-08T09:28:21.400Z,32.7744369,35.0245932,219.463,0.083,0.11,8559,34101.4,1.55,3,MSLV
953.8869000000001,2023-06-08T09:28:21.500Z,32.7744369,35.0245931,219.46,0.074,0.09,8559,34101.5,1.55,3,MSLV
1054.462,2023-06-08T09:28:21.599Z,32.7744369,35.0245931,219.44,0.05,0.07,8559,34101.6,1.55,3,MSLV
1153.4592,2023-06-08T09:28:21.699Z,32.7744368,35.0245931,219.452,0.04,0.06,8559,34101.7,1.55,3,MSLV
1252.4564,2023-06-08T09:28:21.800Z,32.7744368,35.024593,219.428,0.067,0.04,8559,34101.8,1.55,3,MSLV
1351.4536,2023-06-08T09:28:21.900Z,32.7744369,35.0245932,219.425,0.143,0.07,8559,34101.9,1.55,3,MSLV
1450.4508,2023-06-08T09:28:22.000Z,32.7744367,35.024593,219.42,0.129,0.14,8559,34102,1.55,3,MSLV
1549.448,2023-06-08T09:28:22.099Z,32.7744367,35.024593,219.39,0.042,0.13,8559,34102.1,1.55,3,MSLV
1648.4452,2023-06-08T09:28:22.199Z,32.7744367,35.024593,219.399,0.031,0.06,8559,34102.2,1.55,3,MSLV
1747.4424000000001,2023-06-08T09:28:22.300Z,32.7744366,35.024593,219.367,0.062,0.03,8559,34102.3,1.55,3,MSLV
1846.4396000000002,2023-06-08T09:28:22.400Z,32.7744366,35.024593,219.369,0.042,0.08,8559,34102.4,1.55,3,MSLV
1945.4368000000002,2023-06-08T09:28:22.500Z,32.7744366,35.024593,219.375,0.033,0.05,8559,34102.5,1.55,3,MSLV
2044.434,2023-06-08T09:28:22.599Z,32.7744366,35.0245931,219.343,0.086,0.03,8559,34102.6,1.55,3,MSLV
2145.1844,2023-06-08T09:28:22.699Z,32.7744365,35.0245931,219.341,0.086,0.09,8559,34102.7,1.55,3,MSLV
2245.9348,2023-06-08T09:28:22.800Z,32.7744366,35.0245931,219.338,0.052,0.09,8559,34102.8,1.64,3,MSLV
2346.6852,2023-06-08T09:28:22.900Z,32.7744366,35.024593,219.347,0.018,0.06,8559,34102.9,1.71,3,MSLV
2447.4356,2023-06-08T09:28:23.000Z,32.7744365,35.0245931,219.327,0.042,0.02,8559,34103,1.55,3,MSLV
2548.1859999999997,2023-06-08T09:28:23.099Z,32.7744365,35.024593,219.312,0.02,0.05,8559,34103.1,1.55,3,MSLV
2648.9363999999996,2023-06-08T09:28:23.199Z,32.7744364,35.024593,219.313,0.066,0.03,8559,34103.2,1.55,3,MSLV
2749.6867999999995,2023-06-08T09:28:23.300Z,32.7744364,35.024593,219.29,0.056,0.07,8559,34103.3,1.55,3,MSLV
2850.4371999999994,2023-06-08T09:28:23.400Z,32.7744363,35.024593,219.266,0.062,0.06,8559,34103.4,1.55,3,MSLV
2951.1875999999993,2023-06-08T09:28:23.500Z,32.7744362,35.024593,219.252,0.079,0.08,8559,34103.5,1.55,3,MSLV
3051.938,2023-06-08T09:28:23.599Z,32.7744362,35.024593,219.259,0.09,0.09,8559,34103.6,1.55,3,MSLV
3151.6506,2023-06-08T09:28:23.699Z,32.7744363,35.024593,219.241,0.055,0.09,8559,34103.7,1.55,3,MSLV
3251.3632,2023-06-08T09:28:23.800Z,32.7744361,35.024593,219.233,0.147,0.07,8559,34103.8,1.55,3,MSLV
3351.0757999999996,2023-06-08T09:28:23.900Z,32.7744362,35.024593,219.228,0.048,0.15,8559,34103.9,1.55,3,MSLV
3450.7883999999995,2023-06-08T09:28:24.000Z,32.7744361,35.024593,219.212,0.042,0.06,8559,34104,1.55,3,MSLV
3550.5009999999993,2023-06-08T09:28:24.099Z,32.7744362,35.0245929,219.219,0.069,0.06,8559,34104.1,1.55,3,MSLV
3650.213599999999,2023-06-08T09:28:24.199Z,32.7744362,35.0245931,219.194,0.116,0.07,8559,34104.2,1.55,3,MSLV
3749.926199999999,2023-06-08T09:28:24.300Z,32.7744363,35.024593,219.199,0.067,0.12,8559,34104.3,1.55,3,MSLV
3849.638799999999,2023-06-08T09:28:24.400Z,32.7744363,35.024593,219.19,0.027,0.07,8559,34104.4,1.55,3,MSLV
3949.3513999999986,2023-06-08T09:28:24.500Z,32.7744363,35.0245931,219.176,0.061,0.03,8559,34104.5,1.55,3,MSLV
4049.064,2023-06-08T09:28:24.599Z,32.7744363,35.024593,219.176,0.083,0.07,8559,34104.6,1.55,3,MSLV
4149.6626,2023-06-08T09:28:24.699Z,32.7744364,35.024593,219.18,0.018,0.08,8559,34104.7,1.55,3,MSLV
4250.2612,2023-06-08T09:28:24.800Z,32.7744364,35.0245931,219.173,0.036,0.02,8559,34104.8,1.55,3,MSLV
4350.8598,2023-06-08T09:28:24.900Z,32.7744366,35.0245931,219.164,0.14,0.04,8559,34104.9,1.55,3,MSLV
4451.4584,2023-06-08T09:28:25.000Z,32.7744366,35.0245932,219.15,0.078,0.14,8559,34105,1.55,3,MSLV
4552.057000000001,2023-06-08T09:28:25.099Z,32.7744367,35.0245933,219.17,0.128,0.08,8559,34105.1,1.55,3,MSLV
4652.655600000001,2023-06-08T09:28:25.199Z,32.7744367,35.0245934,219.129,0.136,0.13,8559,34105.2,1.55,3,MSLV
4753.254200000001,2023-06-08T09:28:25.300Z,32.7744366,35.0245934,219.12,0.039,0.14,8559,34105.3,1.55,3,MSLV
4853.8528000000015,2023-06-08T09:28:25.400Z,32.7744365,35.0245935,219.122,0.133,0.06,8559,34105.4,1.55,3,MSLV
4954.451400000002,2023-06-08T09:28:25.500Z,32.7744367,35.0245935,219.121,0.175,0.13,8559,34105.5,1.55,3,MSLV
5055.05,2023-06-08T09:28:25.599Z,32.7744368,35.0245931,219.11,0.335,0.18,8559,34105.6,1.55,3,MSLV
5154.5018,2023-06-08T09:28:25.699Z,32.7744369,35.0245928,219.112,0.336,0.34,8559,34105.7,1.55,3,MSLV
5253.9536,2023-06-08T09:28:25.800Z,32.7744373,35.0245923,219.088,0.579,0.34,8559,34105.8,1.55,3,MSLV
5353.4054,2023-06-08T09:28:25.900Z,32.7744376,35.024592,219.091,0.485,0.58,8559,34105.9,1.55,3,MSLV
5452.8571999999995,2023-06-08T09:28:26.000Z,32.7744379,35.0245917,219.075,0.476,0.49,8559,34106,1.55,3,MSLV
5552.308999999999,2023-06-08T09:28:26.099Z,32.7744382,35.0245914,219.094,0.344,0.48,8559,34106.1,1.35,3,MSLV
5651.760799999999,2023-06-08T09:28:26.199Z,32.7744383,35.0245912,219.075,0.294,0.34,8559,34106.2,1.35,3,MSLV
5751.212599999999,2023-06-08T09:28:26.300Z,32.7744385,35.0245911,219.046,0.223,0.3,8559,34106.3,1.35,3,MSLV
5850.664399999999,2023-06-08T09:28:26.400Z,32.7744384,35.024591,219.031,0.109,0.23,8559,34106.4,1.35,3,MSLV
5950.116199999999,2023-06-08T09:28:26.500Z,32.7744385,35.0245909,219.029,0.109,0.13,8559,34106.5,1.35,3,MSLV
6049.568,2023-06-08T09:28:26.599Z,32.7744385,35.0245908,219.016,0.095,0.12,8559,34106.6,1.35,3,MSLV
6150.1003,2023-06-08T09:28:26.699Z,32.7744387,35.0245908,219.024,0.104,0.11,8559,34106.7,1.35,3,MSLV
6250.6326,2023-06-08T09:28:26.800Z,32.7744389,35.0245906,219.037,0.269,0.11,8559,34106.8,1.35,3,MSLV
6351.1649,2023-06-08T09:28:26.900Z,32.7744392,35.0245903,219.051,0.452,0.27,8559,34106.9,1.35,3,MSLV
6451.6972,2023-06-08T09:28:27.000Z,32.7744395,35.0245899,219.011,0.499,0.45,8559,34107,1.35,3,MSLV
6552.2294999999995,2023-06-08T09:28:27.099Z,32.7744399,35.0245897,218.984,0.515,0.5,8559,34107.1,1.35,3,MSLV
6652.761799999999,2023-06-08T09:28:27.199Z,32.7744403,35.024589,219.007,0.752,0.52,8559,34107.2,1.35,3,MSLV
6753.294099999999,2023-06-08T09:28:27.300Z,32.7744408,35.0245885,218.998,0.691,0.75,8559,34107.3,1.35,3,MSLV
6853.826399999999,2023-06-08T09:28:27.400Z,32.7744413,35.0245882,219.009,0.631,0.69,8559,34107.4,1.35,3,MSLV
6954.358699999999,2023-06-08T09:28:27.500Z,32.7744418,35.0245876,218.975,0.803,0.63,8559,34107.5,1.35,3,MSLV
7054.891,2023-06-08T09:28:27.599Z,32.7744423,35.0245871,218.984,0.733,0.81,8559,34107.6,1.35,3,MSLV
7156.5578,2023-06-08T09:28:27.699Z,32.7744427,35.0245867,219.01,0.579,0.73,8559,34107.7,1.35,3,MSLV
7258.2246,2023-06-08T09:28:27.800Z,32.774443,35.0245862,218.967,0.584,0.58,8559,34107.8,1.35,3,MSLV
7359.8913999999995,2023-06-08T09:28:27.900Z,32.7744431,35.0245861,219.011,0.201,0.59,8559,34107.9,1.35,3,MSLV
7461.5581999999995,2023-06-08T09:28:28.000Z,32.7744433,35.024586,218.99,0.219,0.2,8559,34108,1.35,3,MSLV
7563.224999999999,2023-06-08T09:28:28.099Z,32.7744434,35.0245859,219.012,0.166,0.22,8559,34108.1,1.35,3,MSLV
7664.891799999999,2023-06-08T09:28:28.199Z,32.7744435,35.0245857,219.045,0.158,0.17,8559,34108.2,1.35,3,MSLV
7766.558599999999,2023-06-08T09:28:28.300Z,32.7744435,35.0245856,219.035,0.093,0.17,8559,34108.3,1.35,3,MSLV
7868.225399999999,2023-06-08T09:28:28.400Z,32.7744436,35.0245857,219.035,0.14,0.1,8559,34108.4,1.35,3,MSLV
7969.892199999999,2023-06-08T09:28:28.500Z,32.7744436,35.0245856,219.031,0.104,0.14,8559,34108.5,1.35,3,MSLV
8071.559,2023-06-08T09:28:28.599Z,32.7744436,35.0245856,219.047,0.036,0.1,8559,34108.6,1.35,3,MSLV
8170.9197,2023-06-08T09:28:28.699Z,32.7744438,35.0245855,219.033,0.247,0.05,8559,34108.7,1.35,3,MSLV
8270.2804,2023-06-08T09:28:28.800Z,32.7744439,35.0245853,219.035,0.266,0.25,8559,34108.8,1.35,3,MSLV
8369.641099999999,2023-06-08T09:28:28.900Z,32.7744441,35.024585,219.037,0.3,0.27,8559,34108.9,1.35,3,MSLV
8469.001799999998,2023-06-08T09:28:29.000Z,32.7744443,35.0245848,219.035,0.349,0.3,8559,34109,1.35,3,MSLV
8568.362499999997,2023-06-08T09:28:29.099Z,32.7744445,35.0245844,219.082,0.371,0.35,8559,34109.1,1.35,3,MSLV
8667.723199999997,2023-06-08T09:28:29.199Z,32.774445,35.024584,219.087,0.651,0.38,8559,34109.2,1.35,3,MSLV
8767.083899999996,2023-06-08T09:28:29.300Z,32.7744453,35.0245836,219.067,0.551,0.65,8559,34109.3,1.35,3,MSLV
8866.444599999995,2023-06-08T09:28:29.400Z,32.7744458,35.0245831,219.066,0.707,0.55,8559,34109.4,1.35,3,MSLV
8965.805299999995,2023-06-08T09:28:29.500Z,32.7744463,35.0245826,219.07,0.726,0.71,8559,34109.5,1.35,3,MSLV
9065.166,2023-06-08T09:28:29.599Z,32.7744467,35.0245822,219.077,0.553,0.73,8559,34109.6,1.35,3,MSLV
9163.7806,2023-06-08T09:28:29.699Z,32.7744471,35.0245816,219.069,0.762,0.55,8559,34109.7,1.22,3,MSLV
9262.3952,2023-06-08T09:28:29.800Z,32.7744475,35.0245812,219.064,0.578,0.76,8559,34109.8,1.22,3,MSLV
9361.009800000002,2023-06-08T09:28:29.900Z,32.7744479,35.0245808,219.117,0.531,0.58,8559,34109.9,1.22,3,MSLV
9459.624400000002,2023-06-08T09:28:30.000Z,32.7744484,35.0245803,219.052,0.702,0.53,8559,34110,1.22,3,MSLV
9558.239000000003,2023-06-08T09:28:30.099Z,32.7744487,35.0245799,219.11,0.441,0.7,8559,34110.1,1.22,3,MSLV
9656.853600000004,2023-06-08T09:28:30.199Z,32.774449,35.0245795,219.059,0.617,0.44,8559,34110.2,1.22,3,MSLV
9755.468200000005,2023-06-08T09:28:30.300Z,32.7744492,35.0245792,219.077,0.354,0.62,8559,34110.3,1.22,3,MSLV
9854.082800000006,2023-06-08T09:28:30.400Z,32.7744496,35.0245787,219.032,0.648,0.35,8559,34110.4,1.22,3,MSLV
9952.697400000006,2023-06-08T09:28:30.500Z,32.7744499,35.0245784,219.102,0.415,0.65,8559,34110.5,1.22,3,MSLV
10051.312,2023-06-08T09:28:30.599Z,32.7744504,35.0245779,219.069,0.69,0.42,8559,34110.6,1.22,3,MSLV
10151.6774,2023-06-08T09:28:30.699Z,32.7744507,35.0245776,219.078,0.446,0.69,8559,34110.7,1.22,3,MSLV
10252.042800000001,2023-06-08T09:28:30.800Z,32.774451,35.024577,219.073,0.623,0.45,8559,34110.8,1.22,3,MSLV
10352.408200000002,2023-06-08T09:28:30.900Z,32.7744514,35.0245767,219.085,0.561,0.62,8559,34110.9,1.22,3,MSLV
10452.773600000002,2023-06-08T09:28:31.000Z,32.7744519,35.0245763,219.052,0.71,0.56,8559,34111,1.22,3,MSLV
10553.139000000003,2023-06-08T09:28:31.099Z,32.7744522,35.0245758,219.093,0.53,0.71,8559,34111.1,1.22,3,MSLV
10653.504400000003,2023-06-08T09:28:31.199Z,32.7744526,35.0245754,219.067,0.604,0.53,8559,34111.2,1.22,3,MSLV
10753.869800000004,2023-06-08T09:28:31.300Z,32.7744531,35.0245748,219.066,0.697,0.6,8559,34111.3,1.22,3,MSLV
10854.235200000005,2023-06-08T09:28:31.400Z,32.7744534,35.0245744,219.047,0.584,0.7,8559,34111.4,1.22,3,MSLV
10954.600600000005,2023-06-08T09:28:31.500Z,32.7744538,35.024574,219.059,0.567,0.59,8559,34111.5,1.22,3,MSLV
11054.966,2023-06-08T09:28:31.599Z,32.7744542,35.0245736,219.036,0.54,0.57,8559,34111.6,1.22,3,MSLV
11155.0888,2023-06-08T09:28:31.699Z,32.7744545,35.0245731,219.051,0.638,0.54,8559,34111.7,1.22,3,MSLV
11255.211599999999,2023-06-08T09:28:31.800Z,32.7744549,35.0245728,219.064,0.485,0.64,8559,34111.8,1.22,3,MSLV
11355.334399999998,2023-06-08T09:28:31.900Z,32.7744553,35.0245723,219.049,0.656,0.49,8559,34111.9,1.22,3,MSLV
11455.457199999997,2023-06-08T09:28:32.000Z,32.7744557,35.0245718,219.066,0.597,0.66,8559,34112,1.22,3,MSLV
11555.579999999996,2023-06-08T09:28:32.099Z,32.7744561,35.0245714,219.048,0.651,0.6,8559,34112.1,1.22,3,MSLV
11655.702799999995,2023-06-08T09:28:32.199Z,32.7744565,35.024571,219.045,0.577,0.65,8559,34112.2,1.22,3,MSLV
11755.825599999995,2023-06-08T09:28:32.300Z,32.7744569,35.0245704,219.044,0.662,0.58,8559,34112.3,1.22,3,MSLV
11855.948399999994,2023-06-08T09:28:32.400Z,32.7744572,35.02457,219.033,0.553,0.66,8559,34112.4,1.22,3,MSLV
11956.071199999993,2023-06-08T09:28:32.500Z,32.7744576,35.0245697,219.05,0.477,0.55,8559,34112.5,1.22,3,MSLV
12056.194,2023-06-08T09:28:32.599Z,32.774458,35.0245693,219.045,0.59,0.48,8559,34112.6,1.22,3,MSLV
12156.046999999999,2023-06-08T09:28:32.699Z,32.7744582,35.0245687,219.024,0.632,0.59,8559,34112.7,1.22,3,MSLV
12255.899999999998,2023-06-08T09:28:32.800Z,32.7744587,35.0245685,219.051,0.558,0.63,8559,34112.8,1.22,3,MSLV
12355.752999999997,2023-06-08T09:28:32.900Z,32.7744591,35.0245679,219.02,0.69,0.56,8559,34112.9,1.22,3,MSLV
12455.605999999996,2023-06-08T09:28:33.000Z,32.7744593,35.0245676,219.04,0.358,0.69,8559,34113,1.22,3,MSLV
12555.458999999995,2023-06-08T09:28:33.099Z,32.7744596,35.0245672,219.082,0.477,0.36,8559,34113.1,1.22,3,MSLV
12655.311999999994,2023-06-08T09:28:33.199Z,32.77446,35.0245668,219.094,0.511,0.48,8559,34113.2,1.22,3,MSLV
12755.164999999994,2023-06-08T09:28:33.300Z,32.7744602,35.0245665,219.089,0.458,0.52,8559,34113.3,1.22,3,MSLV
12855.017999999993,2023-06-08T09:28:33.400Z,32.7744607,35.0245659,219.102,0.696,0.46,8559,34113.4,1.22,3,MSLV
12954.870999999992,2023-06-08T09:28:33.500Z,32.7744611,35.0245655,219.073,0.641,0.7,8559,34113.5,1.22,3,MSLV
13054.724,2023-06-08T09:28:33.599Z,32.7744613,35.0245652,219.083,0.393,0.64,8559,34113.6,1.22,3,MSLV
13154.0324,2023-06-08T09:28:33.699Z,32.7744617,35.0245647,219.103,0.604,0.39,8559,34113.7,1.22,3,MSLV
13253.3408,2023-06-08T09:28:33.800Z,32.774462,35.0245645,219.102,0.442,0.61,8559,34113.8,1.22,3,MSLV
13352.6492,2023-06-08T09:28:33.900Z,32.7744623,35.0245639,219.079,0.634,0.44,8559,34113.9,1.22,3,MSLV
13451.9576,2023-06-08T09:28:34.000Z,32.7744626,35.0245635,219.117,0.466,0.63,8559,34114,1.22,3,MSLV
13551.266,2023-06-08T09:28:34.099Z,32.7744631,35.024563,219.119,0.722,0.47,8559,34114.1,1.22,3,MSLV
13650.5744,2023-06-08T09:28:34.199Z,32.7744635,35.0245627,219.104,0.576,0.72,8559,34114.2,1.22,3,MSLV
13749.8828,2023-06-08T09:28:34.300Z,32.7744637,35.0245623,219.136,0.435,0.58,8559,34114.3,1.22,3,MSLV
13849.1912,2023-06-08T09:28:34.400Z,32.7744642,35.0245619,219.138,0.635,0.44,8559,34114.4,1.22,3,MSLV
13948.4996,2023-06-08T09:28:34.500Z,32.7744647,35.0245614,219.105,0.717,0.64,8559,34114.5,1.22,3,MSLV
14047.808,2023-06-08T09:28:34.599Z,32.7744649,35.0245608,219.113,0.634,0.72,8559,34114.6,1.22,3,MSLV
14148.7898,2023-06-08T09:28:34.699Z,32.7744653,35.0245605,219.118,0.53,0.63,8559,34114.7,1.22,3,MSLV
14249.7716,2023-06-08T09:28:34.800Z,32.7744657,35.0245599,219.097,0.729,0.53,8559,34114.8,1.22,3,MSLV
14350.7534,2023-06-08T09:28:34.900Z,32.774466,35.0245595,219.096,0.54,0.73,8559,34114.9,1.22,3,MSLV
14451.7352,2023-06-08T09:28:35.000Z,32.7744664,35.024559,219.089,0.617,0.54,8559,34115,1.22,3,MSLV
14552.716999999999,2023-06-08T09:28:35.099Z,32.7744669,35.0245586,219.089,0.698,0.62,8559,34115.1,1.22,3,MSLV
14653.698799999998,2023-06-08T09:28:35.199Z,32.7744672,35.0245581,219.063,0.592,0.7,8559,34115.2,1.22,3,MSLV
14754.680599999998,2023-06-08T09:28:35.300Z,32.7744675,35.0245576,219.04,0.575,0.59,8559,34115.3,1.22,3,MSLV
14855.662399999997,2023-06-08T09:28:35.400Z,32.7744679,35.0245572,219.074,0.529,0.58,8559,34115.4,1.22,3,MSLV
14956.644199999997,2023-06-08T09:28:35.500Z,32.7744683,35.0245566,219.072,0.722,0.53,8559,34115.5,1.22,3,MSLV
15057.626,2023-06-08T09:28:35.599Z,32.7744687,35.0245562,219.066,0.596,0.72,8559,34115.6,1.22,3,MSLV
15158.066,2023-06-08T09:28:35.699Z,32.7744691,35.0245558,219.053,0.644,0.6,8559,34115.7,1.22,3,MSLV
15258.506000000001,2023-06-08T09:28:35.800Z,32.7744696,35.0245552,219.055,0.732,0.64,8559,34115.8,1.22,3,MSLV
15358.946000000002,2023-06-08T09:28:35.900Z,32.7744699,35.0245548,219.055,0.569,0.73,8559,34115.9,1.22,3,MSLV
15459.386000000002,2023-06-08T09:28:36.000Z,32.7744703,35.0245543,219.031,0.618,0.57,8559,34116,1.22,3,MSLV
15559.826000000003,2023-06-08T09:28:36.099Z,32.7744707,35.0245538,219.018,0.606,0.62,8559,34116.1,1.22,3,MSLV
15660.266000000003,2023-06-08T09:28:36.199Z,32.7744711,35.0245535,219.038,0.553,0.61,8559,34116.2,1.22,3,MSLV
15760.706000000004,2023-06-08T09:28:36.300Z,32.7744714,35.024553,219.039,0.6,0.55,8559,34116.3,1.22,3,MSLV
15861.146000000004,2023-06-08T09:28:36.400Z,32.7744718,35.0245524,219.016,0.72,0.6,8559,34116.4,1.22,3,MSLV
15961.586000000005,2023-06-08T09:28:36.500Z,32.7744722,35.0245519,219.052,0.605,0.72,8559,34116.5,1.22,3,MSLV
16062.026,2023-06-08T09:28:36.599Z,32.7744727,35.0245514,219.041,0.754,0.61,8559,34116.6,1.22,3,MSLV
16161.9088,2023-06-08T09:28:36.699Z,32.7744732,35.0245508,219.039,0.774,0.76,8559,34116.7,1.22,3,MSLV
16261.791599999999,2023-06-08T09:28:36.800Z,32.7744738,35.0245502,219.054,0.767,0.78,8559,34116.8,1.3,3,MSLV
16361.674399999998,2023-06-08T09:28:36.900Z,32.7744743,35.0245496,219.031,0.873,0.77,8559,34116.9,1.3,3,MSLV
16461.5572,2023-06-08T09:28:37.000Z,32.7744749,35.0245491,219.026,0.837,0.87,8559,34117,1.3,3,MSLV
16561.44,2023-06-08T09:28:37.099Z,32.7744754,35.0245485,219.016,0.837,0.84,8559,34117.1,1.3,3,MSLV
16661.322799999998,2023-06-08T09:28:37.199Z,32.774476,35.0245477,219.009,0.879,0.84,8559,34117.2,1.22,3,MSLV
16761.205599999998,2023-06-08T09:28:37.300Z,32.7744765,35.0245472,218.971,0.842,0.88,8559,34117.3,1.22,3,MSLV
16861.088399999997,2023-06-08T09:28:37.400Z,32.7744772,35.0245467,218.989,0.852,0.84,8559,34117.4,1.22,3,MSLV
16960.971199999996,2023-06-08T09:28:37.500Z,32.7744776,35.0245459,218.976,0.81,0.85,8559,34117.5,1.22,3,MSLV
17060.854,2023-06-08T09:28:37.599Z,32.7744781,35.0245453,218.969,0.813,0.81,8559,34117.6,1.22,3,MSLV
17160.623,2023-06-08T09:28:37.699Z,32.7744787,35.0245447,218.958,0.854,0.81,8559,34117.7,1.22,3,MSLV
17260.392,2023-06-08T09:28:37.800Z,32.7744792,35.0245439,218.96,0.922,0.85,8559,34117.8,1.22,3,MSLV
17360.161,2023-06-08T09:28:37.900Z,32.7744797,35.0245434,218.964,0.745,0.92,8559,34117.9,1.22,3,MSLV
17459.93,2023-06-08T09:28:38.000Z,32.7744802,35.0245426,218.958,0.923,0.74,8559,34118,1.22,3,MSLV
17559.699,2023-06-08T09:28:38.099Z,32.7744807,35.024542,218.969,0.8,0.92,8559,34118.1,1.22,3,MSLV
17659.468,2023-06-08T09:28:38.199Z,32.7744813,35.0245413,218.962,0.903,0.8,8559,34118.2,1.3,3,MSLV
17759.237,2023-06-08T09:28:38.300Z,32.7744818,35.0245408,218.961,0.768,0.9,8559,34118.3,1.22,3,MSLV
17859.006,2023-06-08T09:28:38.400Z,32.7744824,35.0245402,218.99,0.802,0.77,8559,34118.4,1.3,3,MSLV
17958.775,2023-06-08T09:28:38.500Z,32.7744829,35.0245395,218.984,0.898,0.8,8559,34118.5,1.3,3,MSLV
18058.544,2023-06-08T09:28:38.599Z,32.7744835,35.0245388,218.963,0.897,0.9,8559,34118.6,1.3,3,MSLV
18158.7652,2023-06-08T09:28:38.699Z,32.7744841,35.0245382,219.007,0.824,0.9,8559,34118.7,1.3,3,MSLV
18258.9864,2023-06-08T09:28:38.800Z,32.7744846,35.0245376,219.008,0.843,0.83,8559,34118.8,1.3,3,MSLV
18359.2076,2023-06-08T09:28:38.900Z,32.7744851,35.0245369,218.997,0.787,0.85,8559,34118.9,1.3,3,MSLV
18459.4288,2023-06-08T09:28:39.000Z,32.7744857,35.0245364,219.001,0.85,0.79,8559,34119,1.3,3,MSLV
18559.65,2023-06-08T09:28:39.099Z,32.7744862,35.0245356,219.002,0.861,0.85,8559,34119.1,1.3,3,MSLV
18659.8712,2023-06-08T09:28:39.199Z,32.7744868,35.024535,219.014,0.837,0.86,8559,34119.2,1.3,3,MSLV
18760.0924,2023-06-08T09:28:39.300Z,32.7744873,35.0245343,218.999,0.878,0.84,8559,34119.3,1.22,3,MSLV
18860.3136,2023-06-08T09:28:39.400Z,32.7744878,35.0245335,218.988,0.91,0.88,8559,34119.4,1.3,3,MSLV
18960.5348,2023-06-08T09:28:39.500Z,32.7744883,35.0245329,218.978,0.806,0.91,8559,34119.5,1.3,3,MSLV
19060.756,2023-06-08T09:28:39.599Z,32.774489,35.0245324,218.971,0.88,0.81,8559,34119.6,1.3,3,MSLV
19160.353600000002,2023-06-08T09:28:39.699Z,32.7744896,35.0245317,218.974,0.884,0.88,8559,34119.7,1.3,3,MSLV
19259.951200000003,2023-06-08T09:28:39.800Z,32.77449,35.024531,218.968,0.765,0.88,8559,34119.8,1.3,3,MSLV
19359.548800000004,2023-06-08T09:28:39.900Z,32.7744906,35.0245305,218.957,0.89,0.76,8559,34119.9,1.3,3,MSLV
19459.146400000005,2023-06-08T09:28:40.000Z,32.7744912,35.0245299,218.956,0.796,0.89,8559,34120,1.3,3,MSLV
19558.744000000006,2023-06-08T09:28:40.099Z,32.7744917,35.0245291,218.947,0.877,0.8,8559,34120.1,1.3,3,MSLV
19658.341600000007,2023-06-08T09:28:40.199Z,32.7744921,35.0245285,218.922,0.739,0.88,8559,34120.2,1.22,3,MSLV
19757.939200000008,2023-06-08T09:28:40.300Z,32.7744928,35.0245277,218.955,0.991,0.74,8559,34120.3,1.22,3,MSLV
19857.53680000001,2023-06-08T09:28:40.400Z,32.7744932,35.0245271,218.944,0.69,0.99,8559,34120.4,1.3,3,MSLV
19957.13440000001,2023-06-08T09:28:40.500Z,32.7744938,35.0245265,218.943,0.863,0.69,8559,34120.5,1.22,3,MSLV
20056.732,2023-06-08T09:28:40.599Z,32.7744944,35.0245259,218.954,0.842,0.86,8559,34120.6,1.22,3,MSLV
20156.6634,2023-06-08T09:28:40.699Z,32.7744949,35.0245252,218.937,0.891,0.84,8559,34120.7,1.22,3,MSLV
20256.594800000003,2023-06-08T09:28:40.800Z,32.7744954,35.0245247,218.923,0.738,0.89,8559,34120.8,1.22,3,MSLV
20356.526200000004,2023-06-08T09:28:40.900Z,32.774496,35.024524,218.91,0.917,0.74,8559,34120.9,1.22,3,MSLV
20456.457600000005,2023-06-08T09:28:41.000Z,32.7744965,35.0245232,218.931,0.816,0.92,8559,34121,1.22,3,MSLV
20556.389000000006,2023-06-08T09:28:41.099Z,32.774497,35.0245226,218.932,0.795,0.82,8559,34121.1,1.22,3,MSLV
20656.320400000008,2023-06-08T09:28:41.199Z,32.7744976,35.0245219,218.909,0.91,0.79,8559,34121.2,1.22,3,MSLV
20756.25180000001,2023-06-08T09:28:41.300Z,32.7744982,35.0245214,218.932,0.822,0.91,8559,34121.3,1.22,3,MSLV
20856.18320000001,2023-06-08T09:28:41.400Z,32.7744985,35.0245208,218.9,0.686,0.82,8559,34121.4,1.22,3,MSLV
20956.11460000001,2023-06-08T09:28:41.500Z,32.7744991,35.02452,218.899,0.932,0.69,8559,34121.5,1.22,3,MSLV
21056.046,2023-06-08T09:28:41.599Z,32.7744997,35.0245195,218.897,0.845,0.93,8559,34121.6,1.22,3,MSLV
21156.3056,2023-06-08T09:28:41.699Z,32.7745002,35.0245188,218.898,0.868,0.85,8559,34121.7,1.22,3,MSLV
21256.5652,2023-06-08T09:28:41.800Z,32.7745008,35.024518,218.914,0.868,0.87,8559,34121.8,1.22,3,MSLV
21356.824800000002,2023-06-08T09:28:41.900Z,32.7745013,35.0245176,218.893,0.718,0.87,8559,34121.9,1.22,3,MSLV
21457.084400000003,2023-06-08T09:28:42.000Z,32.7745018,35.0245168,218.887,0.904,0.72,8559,34122,1.22,3,MSLV
21557.344000000005,2023-06-08T09:28:42.099Z,32.7745024,35.0245163,218.89,0.809,0.9,8559,34122.1,1.22,3,MSLV
21657.603600000006,2023-06-08T09:28:42.199Z,32.7745029,35.0245155,218.899,0.874,0.81,8559,34122.2,1.22,3,MSLV
21757.863200000007,2023-06-08T09:28:42.300Z,32.7745035,35.0245149,218.877,0.898,0.87,8559,34122.3,1.22,3,MSLV
21858.12280000001,2023-06-08T09:28:42.400Z,32.774504,35.0245144,218.876,0.734,0.9,8559,34122.4,1.22,3,MSLV
21958.38240000001,2023-06-08T09:28:42.500Z,32.7745046,35.0245138,218.845,0.889,0.73,8559,34122.5,1.22,3,MSLV
22058.642,2023-06-08T09:28:42.599Z,32.7745051,35.0245133,218.837,0.751,0.89,8559,34122.6,1.22,3,MSLV
22158.7962,2023-06-08T09:28:42.699Z,32.7745057,35.0245126,218.874,0.767,0.75,8559,34122.7,1.22,3,MSLV
22258.9504,2023-06-08T09:28:42.800Z,32.7745063,35.024512,218.833,0.907,0.77,8559,34122.8,1.22,3,MSLV
22359.104600000002,2023-06-08T09:28:42.900Z,32.7745068,35.0245114,218.837,0.786,0.91,8559,34122.9,1.22,3,MSLV
22459.258800000003,2023-06-08T09:28:43.000Z,32.7745073,35.0245108,218.841,0.79,0.79,8559,34123,1.22,3,MSLV
22559.413000000004,2023-06-08T09:28:43.099Z,32.7745079,35.0245101,218.812,0.894,0.79,8559,34123.1,1.22,3,MSLV
22659.567200000005,2023-06-08T09:28:43.199Z,32.7745084,35.0245095,218.812,0.82,0.9,8559,34123.2,1.22,3,MSLV
22759.721400000006,2023-06-08T09:28:43.300Z,32.774509,35.0245088,218.821,0.892,0.82,8559,34123.3,1.22,3,MSLV
22859.875600000007,2023-06-08T09:28:43.400Z,32.7745096,35.0245081,218.808,0.929,0.89,8559,34123.4,1.22,3,MSLV
22960.029800000008,2023-06-08T09:28:43.500Z,32.7745102,35.0245074,218.818,0.915,0.93,8559,34123.5,1.22,3,MSLV
23060.184,2023-06-08T09:28:43.599Z,32.7745108,35.0245067,218.787,0.934,0.91,8559,34123.6,1.22,3,MSLV
23159.6508,2023-06-08T09:28:43.699Z,32.7745114,35.0245061,218.795,0.83,0.93,8559,34123.7,1.22,3,MSLV
23259.117599999998,2023-06-08T09:28:43.800Z,32.7745121,35.0245053,218.786,1.089,0.83,8559,34123.8,1.22,3,MSLV
23358.584399999996,2023-06-08T09:28:43.900Z,32.7745126,35.0245045,218.785,0.941,1.09,8559,34123.9,1.22,3,MSLV
23458.051199999994,2023-06-08T09:28:44.000Z,32.7745133,35.0245038,218.773,0.951,0.94,8559,34124,1.22,3,MSLV
23557.517999999993,2023-06-08T09:28:44.099Z,32.774514,35.024503,218.775,1.021,0.95,8559,34124.1,1.22,3,MSLV
23656.98479999999,2023-06-08T09:28:44.199Z,32.7745145,35.0245023,218.762,0.977,1.02,8559,34124.2,1.22,3,MSLV
23756.45159999999,2023-06-08T09:28:44.300Z,32.7745151,35.0245015,218.762,0.897,0.98,8559,34124.3,1.22,3,MSLV
23855.918399999988,2023-06-08T09:28:44.400Z,32.7745157,35.0245008,218.769,0.991,0.9,8559,34124.4,1.22,3,MSLV
23955.385199999986,2023-06-08T09:28:44.500Z,32.7745163,35.0244999,218.749,1.02,0.99,8559,34124.5,1.22,3,MSLV
24054.852,2023-06-08T09:28:44.599Z,32.7745169,35.0244992,218.745,0.954,1.02,8559,34124.6,1.22,3,MSLV
24155.154,2023-06-08T09:28:44.699Z,32.7745176,35.0244985,218.745,0.938,0.95,8559,34124.7,1.22,3,MSLV
24255.456,2023-06-08T09:28:44.800Z,32.7745181,35.0244978,218.746,0.924,0.94,8559,34124.8,1.22,3,MSLV
24355.757999999998,2023-06-08T09:28:44.900Z,32.7745188,35.024497,218.745,1.049,0.92,8559,34124.9,1.22,3,MSLV
24456.059999999998,2023-06-08T09:28:45.000Z,32.7745195,35.0244963,218.744,0.981,1.05,8559,34125,1.22,3,MSLV
24556.361999999997,2023-06-08T09:28:45.099Z,32.7745201,35.0244956,218.738,0.909,0.98,8559,34125.1,1.22,3,MSLV
24656.663999999997,2023-06-08T09:28:45.199Z,32.7745207,35.0244948,218.718,1.028,0.91,8559,34125.2,1.22,3,MSLV
24756.965999999997,2023-06-08T09:28:45.300Z,32.7745213,35.024494,218.731,0.957,1.03,8559,34125.3,1.22,3,MSLV
24857.267999999996,2023-06-08T09:28:45.400Z,32.774522,35.0244933,218.732,0.961,0.96,8559,34125.4,1.22,3,MSLV
24957.569999999996,2023-06-08T09:28:45.500Z,32.7745226,35.0244926,218.696,1.054,0.96,8559,34125.5,1.22,3,MSLV
25057.872,2023-06-08T09:28:45.599Z,32.7745231,35.0244918,218.704,0.932,1.06,8559,34125.6,1.22,3,MSLV
25158.857,2023-06-08T09:28:45.699Z,32.7745238,35.0244909,218.711,1.006,0.93,8559,34125.7,1.22,3,MSLV
25259.842,2023-06-08T09:28:45.800Z,32.7745245,35.0244901,218.702,1.101,1.01,8559,34125.8,1.22,3,MSLV
25360.827,2023-06-08T09:28:45.900Z,32.774525,35.0244893,218.696,0.919,1.1,8559,34125.9,1.22,3,MSLV
25461.812,2023-06-08T09:28:46.000Z,32.7745257,35.0244886,218.68,1.039,0.92,8559,34126,1.22,3,MSLV
25562.797000000002,2023-06-08T09:28:46.099Z,32.7745264,35.0244878,218.682,1.02,1.04,8559,34126.1,1.22,3,MSLV
25663.782000000003,2023-06-08T09:28:46.199Z,32.7745269,35.024487,218.684,0.959,1.02,8559,34126.2,1.22,3,MSLV
25764.767000000003,2023-06-08T09:28:46.300Z,32.7745277,35.0244863,218.656,1.064,0.96,8559,34126.3,1.1,3,MSLV
25865.752000000004,2023-06-08T09:28:46.400Z,32.7745282,35.0244855,218.668,0.924,1.07,8559,34126.4,1.1,3,MSLV
25966.737000000005,2023-06-08T09:28:46.500Z,32.7745288,35.0244847,218.683,0.958,0.92,8559,34126.5,1.1,3,MSLV
26067.722,2023-06-08T09:28:46.599Z,32.7745295,35.024484,218.659,1.019,0.96,8559,34126.6,1.1,3,MSLV
26167.1518,2023-06-08T09:28:46.699Z,32.7745301,35.0244833,218.653,0.881,1.02,8559,34126.7,1.1,3,MSLV
26266.581599999998,2023-06-08T09:28:46.800Z,32.7745306,35.0244826,218.669,0.878,0.88,8559,34126.8,1.1,3,MSLV
26366.011399999996,2023-06-08T09:28:46.900Z,32.7745313,35.024482,218.64,0.979,0.88,8559,34126.9,1.1,3,MSLV
26465.441199999994,2023-06-08T09:28:47.000Z,32.7745319,35.0244812,218.647,0.952,0.98,8559,34127,1.1,3,MSLV
26564.870999999992,2023-06-08T09:28:47.099Z,32.7745324,35.0244805,218.647,0.885,0.95,8559,34127.1,1.1,3,MSLV
26664.30079999999,2023-06-08T09:28:47.199Z,32.7745332,35.0244796,218.619,1.153,0.88,8559,34127.2,1.22,3,MSLV
26763.730599999988,2023-06-08T09:28:47.300Z,32.7745339,35.0244788,218.634,0.991,1.15,8559,34127.3,1.1,3,MSLV
26863.160399999986,2023-06-08T09:28:47.400Z,32.7745343,35.024478,218.608,0.927,0.99,8559,34127.4,1.22,3,MSLV
26962.590199999984,2023-06-08T09:28:47.500Z,32.7745351,35.0244772,218.616,1.077,0.93,8559,34127.5,1.22,3,MSLV
27062.02,2023-06-08T09:28:47.599Z,32.7745356,35.0244764,218.593,0.979,1.08,8559,34127.6,1.22,3,MSLV
27161.8462,2023-06-08T09:28:47.699Z,32.7745361,35.0244756,218.609,0.932,0.98,8559,34127.7,1.22,3,MSLV
27261.6724,2023-06-08T09:28:47.800Z,32.7745369,35.0244749,218.586,1.066,0.93,8559,34127.8,1.22,3,MSLV
27361.4986,2023-06-08T09:28:47.900Z,32.7745375,35.0244741,218.584,0.981,1.07,8559,34127.9,1.22,3,MSLV
27461.3248,2023-06-08T09:28:48.000Z,32.7745381,35.0244735,218.591,0.882,0.98,8559,34128,1.22,3,MSLV
27561.150999999998,2023-06-08T09:28:48.099Z,32.7745388,35.0244728,218.578,0.984,0.88,8559,34128.1,1.22,3,MSLV
27660.977199999998,2023-06-08T09:28:48.199Z,32.7745393,35.024472,218.561,0.904,0.98,8559,34128.2,1.1,3,MSLV
27760.803399999997,2023-06-08T09:28:48.300Z,32.7745401,35.0244714,218.562,0.98,0.91,8559,34128.3,1.1,3,MSLV
27860.629599999997,2023-06-08T09:28:48.400Z,32.7745407,35.0244708,218.566,0.897,0.98,8559,34128.4,1.22,3,MSLV
27960.455799999996,2023-06-08T09:28:48.500Z,32.7745415,35.0244701,218.595,0.987,0.9,8559,34128.5,1.1,3,MSLV
28060.282,2023-06-08T09:28:48.599Z,32.7745421,35.0244694,218.548,0.961,0.99,8559,34128.6,1.1,3,MSLV
28160.461,2023-06-08T09:28:48.699Z,32.7745428,35.0244687,218.575,0.96,0.96,8559,34128.7,1.1,3,MSLV
28260.64,2023-06-08T09:28:48.800Z,32.7745434,35.024468,218.566,0.947,0.96,8559,34128.8,1.1,3,MSLV
28360.819,2023-06-08T09:28:48.900Z,32.7745442,35.0244673,218.543,1.057,0.95,8559,34128.9,1.1,3,MSLV
28460.998,2023-06-08T09:28:49.000Z,32.7745448,35.0244667,218.552,0.848,1.06,8559,34129,1.1,3,MSLV
28561.177,2023-06-08T09:28:49.099Z,32.7745454,35.024466,218.545,0.938,0.85,8559,34129.1,1.18,3,MSLV
28661.356,2023-06-08T09:28:49.199Z,32.7745462,35.0244654,218.552,1.013,0.94,8559,34129.2,1.18,3,MSLV
28761.535,2023-06-08T09:28:49.300Z,32.7745469,35.0244648,218.544,0.933,1.01,8559,34129.3,1.1,3,MSLV
28861.714,2023-06-08T09:28:49.400Z,32.7745475,35.0244641,218.548,0.9,0.93,8559,34129.4,1.18,3,MSLV
28961.893,2023-06-08T09:28:49.500Z,32.7745482,35.0244634,218.543,1.05,0.9,8559,34129.5,1.18,3,MSLV
29062.072,2023-06-08T09:28:49.599Z,32.7745488,35.0244626,218.537,0.952,1.05,8559,34129.6,1.18,3,MSLV
29162.0802,2023-06-08T09:28:49.699Z,32.7745494,35.0244619,218.539,0.929,0.95,8559,34129.7,1.18,3,MSLV
29262.0884,2023-06-08T09:28:49.800Z,32.77455,35.0244611,218.548,0.979,0.93,8559,34129.8,1.18,3,MSLV
29362.0966,2023-06-08T09:28:49.900Z,32.7745506,35.0244603,218.545,0.989,0.98,8559,34129.9,1.1,3,MSLV
29462.1048,2023-06-08T09:28:50.000Z,32.7745514,35.0244596,218.556,1.017,0.99,8559,34130,1.1,3,MSLV
29562.113,2023-06-08T09:28:50.099Z,32.7745519,35.0244589,218.566,0.909,1.02,8559,34130.1,1.1,3,MSLV
29662.1212,2023-06-08T09:28:50.199Z,32.7745525,35.0244583,218.575,0.893,0.91,8559,34130.2,1.1,3,MSLV
29762.1294,2023-06-08T09:28:50.300Z,32.7745532,35.0244577,218.527,0.963,0.89,8559,34130.3,1.1,3,MSLV
29862.137600000002,2023-06-08T09:28:50.400Z,32.7745538,35.0244569,218.549,0.961,0.96,8559,34130.4,1.1,3,MSLV
29962.145800000002,2023-06-08T09:28:50.500Z,32.7745545,35.0244562,218.561,0.963,0.96,8559,34130.5,1.1,3,MSLV
30062.154,2023-06-08T09:28:50.599Z,32.7745552,35.0244557,218.539,0.908,0.96,8559,34130.6,1.1,3,MSLV
30162.8004,2023-06-08T09:28:50.699Z,32.7745557,35.024455,218.531,0.813,0.91,8559,34130.7,1.1,3,MSLV
30263.4468,2023-06-08T09:28:50.800Z,32.7745561,35.0244544,218.555,0.729,0.81,8559,34130.8,1.1,3,MSLV
30364.093200000003,2023-06-08T09:28:50.900Z,32.7745568,35.0244539,218.527,0.888,0.73,8559,34130.9,1.1,3,MSLV
30464.739600000004,2023-06-08T09:28:51.000Z,32.7745571,35.0244534,218.528,0.641,0.89,8559,34131,1.1,3,MSLV
30565.386000000006,2023-06-08T09:28:51.099Z,32.7745576,35.024453,218.539,0.658,0.64,8559,34131.1,1.1,3,MSLV
30666.032400000007,2023-06-08T09:28:51.199Z,32.7745581,35.0244524,218.534,0.774,0.66,8559,34131.2,1.1,3,MSLV
30766.67880000001,2023-06-08T09:28:51.300Z,32.7745585,35.0244519,218.542,0.661,0.77,8559,34131.3,1.1,3,MSLV
30867.32520000001,2023-06-08T09:28:51.400Z,32.774559,35.0244513,218.525,0.731,0.66,8559,34131.4,1.1,3,MSLV
30967.97160000001,2023-06-08T09:28:51.500Z,32.7745595,35.0244509,218.519,0.708,0.73,8559,34131.5,1.1,3,MSLV
31068.618,2023-06-08T09:28:51.599Z,32.77456,35.0244502,218.542,0.796,0.71,8559,34131.6,1.1,3,MSLV
31167.6488,2023-06-08T09:28:51.699Z,32.7745605,35.0244496,218.536,0.818,0.8,8559,34131.7,1.1,3,MSLV
31266.6796,2023-06-08T09:28:51.800Z,32.7745611,35.024449,218.541,0.819,0.82,8559,34131.8,1.1,3,MSLV
31365.7104,2023-06-08T09:28:51.900Z,32.7745617,35.0244483,218.546,0.933,0.82,8559,34131.9,1.1,3,MSLV
31464.7412,2023-06-08T09:28:52.000Z,32.7745622,35.0244476,218.527,0.862,0.93,8559,34132,1.1,3,MSLV
31563.772,2023-06-08T09:28:52.099Z,32.7745626,35.0244469,218.503,0.885,0.86,8559,34132.1,1.1,3,MSLV
31662.8028,2023-06-08T09:28:52.199Z,32.7745633,35.0244462,218.517,0.953,0.89,8559,34132.2,1.1,3,MSLV
31761.8336,2023-06-08T09:28:52.300Z,32.7745638,35.0244454,218.523,0.905,0.95,8559,34132.3,1.1,3,MSLV
31860.864400000002,2023-06-08T09:28:52.400Z,32.7745643,35.0244446,218.506,0.911,0.9,8559,34132.4,1.1,3,MSLV
31959.895200000003,2023-06-08T09:28:52.500Z,32.774565,35.024444,218.53,0.998,0.91,8559,34132.5,1.1,3,MSLV
32058.926,2023-06-08T09:28:52.599Z,32.7745655,35.0244433,218.535,0.827,1,8559,34132.6,1.18,3,MSLV
32158.787,2023-06-08T09:28:52.699Z,32.774566,35.0244426,218.535,0.829,0.83,8559,34132.7,1.1,3,MSLV
32258.648,2023-06-08T09:28:52.800Z,32.7745666,35.024442,218.516,0.896,0.83,8559,34132.8,1.18,3,MSLV
32358.509000000002,2023-06-08T09:28:52.900Z,32.7745671,35.0244412,218.545,0.94,0.9,8559,34132.9,1.18,3,MSLV
32458.370000000003,2023-06-08T09:28:53.000Z,32.7745677,35.0244406,218.497,0.813,0.94,8559,34133,1.18,3,MSLV
32558.231000000003,2023-06-08T09:28:53.099Z,32.7745683,35.02444,218.506,0.871,0.81,8559,34133.1,1.18,3,MSLV
32658.092000000004,2023-06-08T09:28:53.199Z,32.7745688,35.0244394,218.509,0.846,0.87,8559,34133.2,1.18,3,MSLV
32757.953000000005,2023-06-08T09:28:53.300Z,32.7745694,35.0244387,218.489,0.87,0.85,8559,34133.3,1.18,3,MSLV
32857.814000000006,2023-06-08T09:28:53.400Z,32.77457,35.0244382,218.496,0.821,0.87,8559,34133.4,1.18,3,MSLV
32957.675,2023-06-08T09:28:53.500Z,32.7745706,35.0244374,218.492,0.958,0.82,8559,34133.5,1.18,3,MSLV
33057.536,2023-06-08T09:28:53.599Z,32.774571,35.0244368,218.505,0.786,0.96,8559,34133.6,1.18,3,MSLV
33157.606,2023-06-08T09:28:53.699Z,32.7745715,35.0244361,218.481,0.827,0.79,8559,34133.7,1.18,3,MSLV
33257.676,2023-06-08T09:28:53.800Z,32.7745721,35.0244355,218.487,0.901,0.83,8559,34133.8,1.18,3,MSLV
33357.746,2023-06-08T09:28:53.900Z,32.7745726,35.0244348,218.48,0.808,0.9,8559,34133.9,1.18,3,MSLV
33457.816,2023-06-08T09:28:54.000Z,32.774573,35.0244342,218.473,0.733,0.81,8559,34134,1.18,3,MSLV
33557.886,2023-06-08T09:28:54.099Z,32.7745737,35.0244337,218.486,0.868,0.73,8559,34134.1,1.18,3,MSLV
33657.956,2023-06-08T09:28:54.199Z,32.7745741,35.0244329,218.471,0.88,0.87,8559,34134.2,1.18,3,MSLV
33758.026,2023-06-08T09:28:54.300Z,32.7745747,35.0244323,218.476,0.836,0.88,8559,34134.3,1.18,3,MSLV
33858.096,2023-06-08T09:28:54.400Z,32.7745753,35.0244317,218.479,0.889,0.84,8559,34134.4,1.18,3,MSLV
33958.166,2023-06-08T09:28:54.500Z,32.774576,35.0244314,218.455,0.849,0.89,8559,34134.5,1.18,3,MSLV
34058.236,2023-06-08T09:28:54.599Z,32.7745766,35.0244309,218.467,0.768,0.85,8559,34134.6,1.18,3,MSLV
34158.168,2023-06-08T09:28:54.699Z,32.7745772,35.0244304,218.451,0.902,0.77,8559,34134.7,1.18,3,MSLV
34258.1,2023-06-08T09:28:54.800Z,32.7745777,35.0244299,218.462,0.721,0.9,8559,34134.8,1.18,3,MSLV
34358.032,2023-06-08T09:28:54.900Z,32.7745784,35.0244293,218.424,0.908,0.72,8559,34134.9,1.18,3,MSLV
34457.964,2023-06-08T09:28:55.000Z,32.7745789,35.0244288,218.446,0.726,0.91,8559,34135,1.18,3,MSLV
34557.896,2023-06-08T09:28:55.099Z,32.7745793,35.0244281,218.42,0.793,0.73,8559,34135.1,1.18,3,MSLV
34657.828,2023-06-08T09:28:55.199Z,32.7745797,35.0244272,218.416,0.959,0.79,8559,34135.2,1.18,3,MSLV
34757.76,2023-06-08T09:28:55.300Z,32.7745803,35.0244271,218.438,0.627,0.96,8559,34135.3,1.18,3,MSLV
34857.692,2023-06-08T09:28:55.400Z,32.7745809,35.0244264,218.463,0.936,0.63,8559,34135.4,1.18,3,MSLV
34957.624,2023-06-08T09:28:55.500Z,32.7745814,35.0244258,218.428,0.842,0.94,8559,34135.5,1.18,3,MSLV
35057.556,2023-06-08T09:28:55.599Z,32.7745818,35.0244253,218.432,0.664,0.84,8559,34135.6,1.18,3,MSLV
35157.878399999994,2023-06-08T09:28:55.699Z,32.7745824,35.0244247,218.434,0.907,0.66,8559,34135.7,1.18,3,MSLV
35258.20079999999,2023-06-08T09:28:55.800Z,32.7745828,35.0244239,218.432,0.842,0.91,8559,34135.8,1.18,3,MSLV
35358.52319999999,2023-06-08T09:28:55.900Z,32.7745832,35.0244233,218.432,0.701,0.84,8559,34135.9,1.18,3,MSLV
35458.845599999986,2023-06-08T09:28:56.000Z,32.7745839,35.0244226,218.44,0.973,0.7,8559,34136,1.18,3,MSLV
35559.16799999998,2023-06-08T09:28:56.099Z,32.7745842,35.0244221,218.449,0.683,0.97,8559,34136.1,1.18,3,MSLV
35659.49039999998,2023-06-08T09:28:56.199Z,32.7745847,35.0244214,218.447,0.881,0.68,8559,34136.2,1.18,3,MSLV
35759.81279999998,2023-06-08T09:28:56.300Z,32.774585,35.0244207,218.361,0.766,0.88,8559,34136.3,1.18,3,MSLV
35860.135199999975,2023-06-08T09:28:56.400Z,32.7745854,35.0244202,218.39,0.627,0.77,8559,34136.4,1.18,3,MSLV
35960.45759999997,2023-06-08T09:28:56.500Z,32.774586,35.0244194,218.377,0.908,0.63,8559,34136.5,1.12,3,MSLV
36060.78,2023-06-08T09:28:56.599Z,32.7745863,35.0244188,218.393,0.71,0.91,8559,34136.6,1.12,3,MSLV
36161.074,2023-06-08T09:28:56.699Z,32.7745869,35.0244181,218.377,0.933,0.71,8559,34136.7,1.12,3,MSLV
36261.368,2023-06-08T09:28:56.800Z,32.7745874,35.0244173,218.361,0.958,0.93,8559,34136.8,1.12,3,MSLV
36361.662000000004,2023-06-08T09:28:56.900Z,32.7745879,35.0244167,218.424,0.725,0.96,8559,34136.9,1.18,3,MSLV
36461.956000000006,2023-06-08T09:28:57.000Z,32.7745888,35.0244159,218.411,1.206,0.73,8559,34137,1.18,3,MSLV
36562.25000000001,2023-06-08T09:28:57.099Z,32.7745892,35.024415,218.414,0.973,1.21,8559,34137.1,1.18,3,MSLV
36662.54400000001,2023-06-08T09:28:57.199Z,32.7745897,35.0244142,218.417,0.958,0.97,8559,34137.2,1.18,3,MSLV
36762.83800000001,2023-06-08T09:28:57.300Z,32.7745905,35.0244135,218.392,1.054,0.96,8559,34137.3,1.22,3,MSLV
36863.13200000001,2023-06-08T09:28:57.400Z,32.7745902,35.0244125,218.261,0.798,1.05,8559,34137.4,1.22,3,MSLV
36963.426000000014,2023-06-08T09:28:57.500Z,32.7745908,35.0244118,218.267,0.877,0.83,8559,34137.5,1.22,3,MSLV
37063.72,2023-06-08T09:28:57.599Z,32.7745915,35.0244111,218.265,1.002,0.9,8559,34137.6,1.22,3,MSLV
37163.6088,2023-06-08T09:28:57.699Z,32.774592,35.0244103,218.251,0.951,1.02,8559,34137.7,1.22,3,MSLV
37263.4976,2023-06-08T09:28:57.800Z,32.7745925,35.0244096,218.251,0.889,0.97,8559,34137.8,1.22,3,MSLV
37363.3864,2023-06-08T09:28:57.900Z,32.7745931,35.0244088,218.246,0.923,0.9,8559,34137.9,1.22,3,MSLV
37463.275200000004,2023-06-08T09:28:58.000Z,32.7745934,35.0244081,218.181,0.766,0.93,8559,34138,1.22,3,MSLV
37563.164000000004,2023-06-08T09:28:58.099Z,32.774594,35.0244073,218.193,0.97,0.8,8559,34138.1,1.22,3,MSLV
37663.052800000005,2023-06-08T09:28:58.199Z,32.7745947,35.0244064,218.172,1.075,0.98,8559,34138.2,1.22,3,MSLV
37762.941600000006,2023-06-08T09:28:58.300Z,32.7745952,35.0244057,218.167,0.865,1.09,8559,34138.3,1.22,3,MSLV
37862.830400000006,2023-06-08T09:28:58.400Z,32.774596,35.0244049,218.213,1.128,0.88,8559,34138.4,1.22,3,MSLV
37962.71920000001,2023-06-08T09:28:58.500Z,32.7745965,35.0244041,218.184,0.959,1.13,8559,34138.5,1.22,3,MSLV
38062.608,2023-06-08T09:28:58.599Z,32.7745971,35.0244033,218.193,0.976,0.96,8559,34138.6,1.22,3,MSLV
38163.0904,2023-06-08T09:28:58.699Z,32.7745975,35.0244024,218.163,0.99,0.98,8559,34138.7,1.22,3,MSLV
38263.5728,2023-06-08T09:28:58.800Z,32.7745981,35.0244016,218.122,0.934,1,8559,34138.8,1.22,3,MSLV
38364.0552,2023-06-08T09:28:58.900Z,32.7745988,35.0244008,218.176,1.04,0.95,8559,34138.9,1.22,3,MSLV
38464.5376,2023-06-08T09:28:59.000Z,32.7745993,35.0244002,218.187,0.853,1.04,8559,34139,1.28,3,MSLV
38565.020000000004,2023-06-08T09:28:59.099Z,32.7745999,35.0243996,218.179,0.867,0.85,8559,34139.1,1.28,3,MSLV
38665.502400000005,2023-06-08T09:28:59.199Z,32.7746002,35.0243988,218.167,0.792,0.87,8559,34139.2,1.28,3,MSLV
38765.984800000006,2023-06-08T09:28:59.300Z,32.7746008,35.0243983,218.178,0.781,0.79,8559,34139.3,1.28,3,MSLV
38866.46720000001,2023-06-08T09:28:59.400Z,32.774601,35.0243978,218.108,0.543,0.78,8559,34139.4,1.28,3,MSLV
38966.94960000001,2023-06-08T09:28:59.500Z,32.7746013,35.0243972,218.122,0.601,0.56,8559,34139.5,1.18,3,MSLV
39067.432,2023-06-08T09:28:59.599Z,32.7746017,35.0243967,218.115,0.667,0.61,8559,34139.6,1.28,3,MSLV
39166.6764,2023-06-08T09:28:59.699Z,32.7746022,35.0243962,218.085,0.746,0.67,8559,34139.7,1.28,3,MSLV
39265.92079999999,2023-06-08T09:28:59.800Z,32.7746026,35.0243956,218.096,0.713,0.75,8559,34139.8,1.28,3,MSLV
39365.16519999999,2023-06-08T09:28:59.900Z,32.774603,35.024395,218.122,0.731,0.71,8559,34139.9,1.28,3,MSLV
39464.409599999984,2023-06-08T09:29:00.000Z,32.7746034,35.0243944,218.135,0.738,0.73,8559,34140,1.28,3,MSLV
39563.65399999998,2023-06-08T09:29:00.099Z,32.774604,35.0243939,218.13,0.742,0.74,8559,34140.1,1.28,3,MSLV
39662.89839999998,2023-06-08T09:29:00.199Z,32.7746045,35.0243934,218.104,0.809,0.74,8559,34140.2,1.28,3,MSLV
39762.14279999997,2023-06-08T09:29:00.300Z,32.774605,35.0243928,218.136,0.788,0.81,8559,34140.3,1.28,3,MSLV
39861.38719999997,2023-06-08T09:29:00.400Z,32.7746056,35.0243922,218.116,0.808,0.79,8559,34140.4,1.28,3,MSLV
39960.631599999964,2023-06-08T09:29:00.500Z,32.7746061,35.0243915,218.093,0.861,0.81,8559,34140.5,1.28,3,MSLV
40059.876,2023-06-08T09:29:00.599Z,32.7746066,35.0243909,218.108,0.816,0.86,8559,34140.6,1.28,3,MSLV
40159.5764,2023-06-08T09:29:00.699Z,32.7746072,35.0243904,218.098,0.817,0.82,8559,34140.7,1.28,3,MSLV
40259.2768,2023-06-08T09:29:00.800Z,32.7746077,35.0243897,218.082,0.832,0.82,8559,34140.8,1.28,3,MSLV
40358.9772,2023-06-08T09:29:00.900Z,32.7746083,35.0243893,218.092,0.715,0.83,8559,34140.9,1.28,3,MSLV
40458.6776,2023-06-08T09:29:01.000Z,32.7746088,35.0243886,218.084,0.893,0.71,8559,34141,1.28,3,MSLV
40558.378000000004,2023-06-08T09:29:01.099Z,32.7746093,35.0243879,218.098,0.83,0.89,8559,34141.1,1.28,3,MSLV
40658.078400000006,2023-06-08T09:29:01.199Z,32.7746098,35.0243876,218.095,0.659,0.83,8559,34141.2,1.28,3,MSLV
40757.77880000001,2023-06-08T09:29:01.300Z,32.7746104,35.0243869,218.08,0.897,0.66,8559,34141.3,1.28,3,MSLV
40857.47920000001,2023-06-08T09:29:01.400Z,32.7746109,35.0243863,218.073,0.776,0.9,8559,34141.4,1.28,3,MSLV
40957.17960000001,2023-06-08T09:29:01.500Z,32.7746112,35.0243857,218.131,0.736,0.78,8559,34141.5,1.28,3,MSLV
41056.88,2023-06-08T09:29:01.599Z,32.7746118,35.024385,218.098,0.87,0.74,8559,34141.6,1.28,3,MSLV
41157.234,2023-06-08T09:29:01.699Z,32.7746122,35.0243843,218.072,0.79,0.87,8559,34141.7,1.28,3,MSLV
41257.587999999996,2023-06-08T09:29:01.800Z,32.7746127,35.0243837,218.094,0.729,0.79,8559,34141.8,1.28,3,MSLV
41357.941999999995,2023-06-08T09:29:01.900Z,32.7746131,35.0243832,218.109,0.751,0.73,8559,34141.9,1.28,3,MSLV
41458.295999999995,2023-06-08T09:29:02.000Z,32.7746136,35.0243826,218.07,0.693,0.75,8559,34142,1.28,3,MSLV
41558.649999999994,2023-06-08T09:29:02.099Z,32.7746139,35.0243822,218.109,0.599,0.69,8559,34142.1,1.28,3,MSLV
41659.00399999999,2023-06-08T09:29:02.199Z,32.7746142,35.0243819,218.067,0.41,0.6,8559,34142.2,1.28,3,MSLV
41759.35799999999,2023-06-08T09:29:02.300Z,32.7746145,35.0243816,218.108,0.479,0.41,8559,34142.3,1.28,3,MSLV
41859.71199999999,2023-06-08T09:29:02.400Z,32.7746147,35.0243812,218.098,0.423,0.48,8559,34142.4,1.28,3,MSLV
41960.06599999999,2023-06-08T09:29:02.500Z,32.7746152,35.0243806,218.066,0.664,0.42,8559,34142.5,1.28,3,MSLV
42060.42,2023-06-08T09:29:02.599Z,32.7746156,35.0243802,218.084,0.632,0.67,8559,34142.6,1.28,3,MSLV
42160.5544,2023-06-08T09:29:02.699Z,32.7746159,35.0243797,218.071,0.575,0.63,8559,34142.7,1.28,3,MSLV
42260.6888,2023-06-08T09:29:02.800Z,32.7746163,35.0243791,218.058,0.716,0.58,8559,34142.8,1.28,3,MSLV
42360.823200000006,2023-06-08T09:29:02.900Z,32.7746166,35.0243788,218.1,0.519,0.72,8559,34142.9,1.28,3,MSLV
42460.95760000001,2023-06-08T09:29:03.000Z,32.7746167,35.0243785,218.067,0.276,0.52,8559,34143,1.28,3,MSLV
42561.09200000001,2023-06-08T09:29:03.099Z,32.774617,35.0243781,218.069,0.445,0.28,8559,34143.1,1.28,3,MSLV
42661.226400000014,2023-06-08T09:29:03.199Z,32.7746172,35.024378,218.085,0.337,0.45,8559,34143.2,1.28,3,MSLV
42761.36080000002,2023-06-08T09:29:03.300Z,32.7746173,35.0243778,218.062,0.211,0.34,8559,34143.3,1.28,3,MSLV
42861.49520000002,2023-06-08T09:29:03.400Z,32.7746175,35.0243776,218.083,0.287,0.21,8559,34143.4,1.28,3,MSLV
42961.62960000002,2023-06-08T09:29:03.500Z,32.7746177,35.0243774,218.098,0.239,0.29,8559,34143.5,1.28,3,MSLV
43061.764,2023-06-08T09:29:03.599Z,32.7746177,35.0243772,218.075,0.209,0.25,8559,34143.6,1.28,3,MSLV
43160.9968,2023-06-08T09:29:03.699Z,32.7746177,35.0243771,218.059,0.088,0.21,8559,34143.7,1.28,3,MSLV
43260.2296,2023-06-08T09:29:03.800Z,32.7746178,35.0243771,218.052,0.138,0.09,8559,34143.8,1.28,3,MSLV
43359.4624,2023-06-08T09:29:03.900Z,32.7746179,35.024377,218.049,0.106,0.14,8559,34143.9,1.28,3,MSLV
43458.695199999995,2023-06-08T09:29:04.000Z,32.7746179,35.0243769,218.044,0.04,0.11,8559,34144,1.18,3,MSLV
43557.92799999999,2023-06-08T09:29:04.099Z,32.7746181,35.0243769,218.053,0.182,0.04,8559,34144.1,1.18,3,MSLV
43657.16079999999,2023-06-08T09:29:04.199Z,32.7746181,35.0243768,218.042,0.151,0.18,8559,34144.2,1.18,3,MSLV
43756.39359999999,2023-06-08T09:29:04.300Z,32.7746182,35.0243767,218.054,0.138,0.15,8559,34144.3,1.18,3,MSLV
43855.62639999999,2023-06-08T09:29:04.400Z,32.7746182,35.0243765,218.059,0.123,0.14,8559,34144.4,1.18,3,MSLV
43954.859199999984,2023-06-08T09:29:04.500Z,32.7746183,35.0243764,218.065,0.182,0.13,8559,34144.5,1.18,3,MSLV
44054.092,2023-06-08T09:29:04.599Z,32.7746184,35.0243764,218.067,0.099,0.18,8559,34144.6,1.18,3,MSLV
44153.8024,2023-06-08T09:29:04.699Z,32.7746184,35.0243763,218.074,0.07,0.1,8559,34144.7,1.18,3,MSLV
44253.512800000004,2023-06-08T09:29:04.800Z,32.7746187,35.0243764,218.069,0.323,0.07,8559,34144.8,1.18,3,MSLV
44353.22320000001,2023-06-08T09:29:04.900Z,32.774619,35.0243766,218.026,0.381,0.32,8559,34144.9,1.18,3,MSLV
44452.93360000001,2023-06-08T09:29:05.000Z,32.7746191,35.0243767,218.032,0.192,0.4,8559,34145,1.18,3,MSLV
44552.644000000015,2023-06-08T09:29:05.099Z,32.7746192,35.0243766,218.022,0.168,0.2,8559,34145.1,1.18,3,MSLV
44652.35440000002,2023-06-08T09:29:05.199Z,32.7746193,35.0243767,218.025,0.089,0.18,8559,34145.2,1.18,3,MSLV
44752.06480000002,2023-06-08T09:29:05.300Z,32.7746192,35.0243766,218.038,0.11,0.11,8559,34145.3,1.18,3,MSLV
44851.775200000026,2023-06-08T09:29:05.400Z,32.7746193,35.0243769,218.028,0.211,0.11,8559,34145.4,1.18,3,MSLV
44951.48560000003,2023-06-08T09:29:05.500Z,32.7746193,35.0243773,218.033,0.428,0.22,8559,34145.5,1.18,3,MSLV
45051.196,2023-06-08T09:29:05.599Z,32.7746191,35.0243777,218.022,0.367,0.43,8559,34145.6,1.18,3,MSLV
45152.486800000006,2023-06-08T09:29:05.699Z,32.774619,35.0243779,217.96,0.273,0.37,8559,34145.7,1.18,3,MSLV
45253.77760000001,2023-06-08T09:29:05.800Z,32.774619,35.0243784,217.89,0.5,0.32,8559,34145.8,1.28,3,MSLV
45355.06840000001,2023-06-08T09:29:05.900Z,32.7746185,35.0243783,217.905,0.368,0.57,8559,34145.9,1.18,3,MSLV
45456.35920000001,2023-06-08T09:29:06.000Z,32.7746179,35.0243782,217.91,0.678,0.41,8559,34146,1.28,3,MSLV
45557.650000000016,2023-06-08T09:29:06.099Z,32.7746172,35.0243779,217.84,0.728,0.69,8559,34146.1,1.18,3,MSLV
45658.94080000002,2023-06-08T09:29:06.199Z,32.7746166,35.0243776,217.958,0.754,0.77,8559,34146.2,1.18,3,MSLV
45760.23160000002,2023-06-08T09:29:06.300Z,32.7746164,35.0243769,217.971,0.663,0.75,8559,34146.3,1.18,3,MSLV
45861.52240000002,2023-06-08T09:29:06.400Z,32.7746163,35.0243762,217.916,0.649,0.66,8559,34146.4,1.18,3,MSLV
45962.813200000026,2023-06-08T09:29:06.500Z,32.7746162,35.0243759,217.95,0.348,0.65,8559,34146.5,1.18,3,MSLV
46064.104,2023-06-08T09:29:06.599Z,32.7746164,35.0243756,217.987,0.412,0.35,8559,34146.6,1.18,3,MSLV
46164.77,2023-06-08T09:29:06.699Z,32.7746166,35.0243754,217.951,0.282,0.42,8559,34146.7,1.18,3,MSLV
46265.435999999994,2023-06-08T09:29:06.800Z,32.7746169,35.0243755,217.989,0.305,0.28,8559,34146.8,1.18,3,MSLV
46366.10199999999,2023-06-08T09:29:06.900Z,32.7746171,35.0243758,217.967,0.384,0.31,8559,34146.9,1.18,3,MSLV
46466.76799999999,2023-06-08T09:29:07.000Z,32.7746174,35.0243756,217.956,0.287,0.38,8559,34147,1.18,3,MSLV
46567.43399999999,2023-06-08T09:29:07.099Z,32.7746176,35.0243757,217.975,0.245,0.29,8559,34147.1,1.18,3,MSLV
46668.099999999984,2023-06-08T09:29:07.199Z,32.7746179,35.0243761,217.961,0.51,0.25,8559,34147.2,1.18,3,MSLV
46768.76599999998,2023-06-08T09:29:07.300Z,32.7746183,35.0243762,217.948,0.428,0.51,8559,34147.3,1.18,3,MSLV
46869.43199999998,2023-06-08T09:29:07.400Z,32.7746185,35.024376,217.96,0.307,0.43,8559,34147.4,1.3,3,MSLV
46970.097999999976,2023-06-08T09:29:07.500Z,32.7746188,35.024376,217.949,0.31,0.31,8559,34147.5,1.3,3,MSLV
47070.764,2023-06-08T09:29:07.599Z,32.7746188,35.0243759,217.957,0.111,0.31,8559,34147.6,1.3,3,MSLV
47171.8936,2023-06-08T09:29:07.699Z,32.7746188,35.0243757,217.963,0.18,0.11,8559,34147.7,1.3,3,MSLV
47273.0232,2023-06-08T09:29:07.800Z,32.7746189,35.0243756,217.964,0.062,0.18,8559,34147.8,1.3,3,MSLV
47374.1528,2023-06-08T09:29:07.900Z,32.7746189,35.0243756,217.972,0.018,0.06,8559,34147.9,1.3,3,MSLV
47475.282400000004,2023-06-08T09:29:08.000Z,32.7746187,35.0243757,217.963,0.215,0.03,8559,34148,1.3,3,MSLV
47576.412000000004,2023-06-08T09:29:08.099Z,32.7746184,35.024376,217.948,0.435,0.21,8559,34148.1,1.3,3,MSLV
47677.541600000004,2023-06-08T09:29:08.199Z,32.7746181,35.0243764,217.92,0.46,0.44,8559,34148.2,1.3,3,MSLV
47778.671200000004,2023-06-08T09:29:08.300Z,32.7746176,35.0243769,217.927,0.702,0.47,8559,34148.3,1.3,3,MSLV
47879.800800000005,2023-06-08T09:29:08.400Z,32.774617,35.0243775,217.885,0.859,0.7,8559,34148.4,1.3,3,MSLV
47980.930400000005,2023-06-08T09:29:08.500Z,32.7746166,35.024378,217.843,0.665,0.87,8559,34148.5,1.3,3,MSLV
48082.06,2023-06-08T09:29:08.599Z,32.7746161,35.0243786,217.812,0.769,0.69,8559,34148.6,1.3,3,MSLV
48180.5948,2023-06-08T09:29:08.699Z,32.7746154,35.0243791,217.883,0.93,0.8,8559,34148.7,1.3,3,MSLV
48279.1296,2023-06-08T09:29:08.800Z,32.7746154,35.0243797,217.827,0.572,0.93,8559,34148.8,1.3,3,MSLV
48377.6644,2023-06-08T09:29:08.900Z,32.7746147,35.0243801,217.843,0.75,0.59,8559,34148.9,1.3,3,MSLV
48476.1992,2023-06-08T09:29:09.000Z,32.7746144,35.0243805,217.825,0.594,0.76,8559,34149,1.3,3,MSLV
48574.734000000004,2023-06-08T09:29:09.099Z,32.7746141,35.024381,217.845,0.545,0.6,8559,34149.1,1.3,3,MSLV
48673.268800000005,2023-06-08T09:29:09.199Z,32.7746138,35.0243811,217.834,0.371,0.55,8559,34149.2,1.3,3,MSLV
48771.80360000001,2023-06-08T09:29:09.300Z,32.7746136,35.0243814,217.82,0.362,0.38,8559,34149.3,1.3,3,MSLV
48870.33840000001,2023-06-08T09:29:09.400Z,32.7746132,35.0243819,217.805,0.638,0.37,8559,34149.4,1.28,3,MSLV
48968.87320000001,2023-06-08T09:29:09.500Z,32.7746129,35.0243822,217.831,0.463,0.64,8559,34149.5,1.28,3,MSLV
49067.408,2023-06-08T09:29:09.599Z,32.7746127,35.0243827,217.777,0.554,0.46,8559,34149.6,1.38,3,MSLV
49166.604400000004,2023-06-08T09:29:09.699Z,32.7746122,35.0243831,217.774,0.599,0.57,8559,34149.7,1.28,3,MSLV
49265.800800000005,2023-06-08T09:29:09.800Z,32.7746118,35.0243837,217.792,0.713,0.61,8559,34149.8,1.26,3,MSLV
49364.997200000005,2023-06-08T09:29:09.900Z,32.7746114,35.0243842,217.773,0.659,0.71,8559,34149.9,1.26,3,MSLV
49464.193600000006,2023-06-08T09:29:10.000Z,32.7746107,35.0243848,217.754,0.902,0.66,8559,34150,1.22,3,MSLV
49563.39000000001,2023-06-08T09:29:10.099Z,32.7746104,35.0243852,217.741,0.61,0.9,8559,34150.1,1.22,3,MSLV
49662.58640000001,2023-06-08T09:29:10.199Z,32.7746098,35.0243859,217.734,0.86,0.61,8559,34150.2,1.28,3,MSLV
49761.78280000001,2023-06-08T09:29:10.300Z,32.7746092,35.0243864,217.724,0.811,0.86,8559,34150.3,1.28,3,MSLV
49860.97920000001,2023-06-08T09:29:10.400Z,32.7746088,35.024387,217.725,0.722,0.81,8559,34150.4,1.28,3,MSLV
49960.17560000001,2023-06-08T09:29:10.500Z,32.7746083,35.0243875,217.712,0.755,0.72,8559,34150.5,1.28,3,MSLV
50059.372,2023-06-08T09:29:10.599Z,32.7746078,35.024388,217.708,0.719,0.76,8559,34150.6,1.28,3,MSLV
50159.684400000006,2023-06-08T09:29:10.699Z,32.7746074,35.0243886,217.701,0.74,0.72,8559,34150.7,1.28,3,MSLV
50259.99680000001,2023-06-08T09:29:10.800Z,32.7746069,35.0243891,217.716,0.724,0.74,8559,34150.8,1.28,3,MSLV
50360.30920000001,2023-06-08T09:29:10.900Z,32.7746064,35.0243898,217.71,0.857,0.72,8559,34150.9,1.28,3,MSLV
50460.62160000001,2023-06-08T09:29:11.000Z,32.7746058,35.0243905,217.662,0.987,0.86,8559,34151,1.28,3,MSLV
50560.934000000016,2023-06-08T09:29:11.099Z,32.7746052,35.0243914,217.708,1.042,0.99,8559,34151.1,1.28,3,MSLV
50661.24640000002,2023-06-08T09:29:11.199Z,32.7746044,35.0243923,217.684,1.172,1.04,8559,34151.2,1.28,3,MSLV
50761.55880000002,2023-06-08T09:29:11.300Z,32.7746038,35.0243932,217.7,1.167,1.17,8559,34151.3,1.18,3,MSLV
50861.87120000002,2023-06-08T09:29:11.400Z,32.7746028,35.0243941,217.731,1.317,1.17,8559,34151.4,1.12,3,MSLV
50962.183600000026,2023-06-08T09:29:11.500Z,32.774602,35.0243952,217.685,1.317,1.32,8559,34151.5,1.12,3,MSLV
51062.496,2023-06-08T09:29:11.599Z,32.7746012,35.0243965,217.706,1.519,1.32,8559,34151.6,1.12,3,MSLV
51162.0928,2023-06-08T09:29:11.699Z,32.7746002,35.0243974,217.7,1.406,1.52,8559,34151.7,1.12,3,MSLV
51261.6896,2023-06-08T09:29:11.800Z,32.7745993,35.0243985,217.686,1.495,1.41,8559,34151.8,1.18,3,MSLV
51361.2864,2023-06-08T09:29:11.900Z,32.7745984,35.0243998,217.73,1.548,1.5,8559,34151.9,1.18,3,MSLV
51460.8832,2023-06-08T09:29:12.000Z,32.7745973,35.0244009,217.689,1.565,1.55,8559,34152,1.18,3,MSLV
51560.479999999996,2023-06-08T09:29:12.099Z,32.7745963,35.0244022,217.667,1.639,1.57,8559,34152.1,1.18,3,MSLV
51660.076799999995,2023-06-08T09:29:12.199Z,32.7745956,35.0244033,217.717,1.342,1.64,8559,34152.2,1.18,3,MSLV
51759.673599999995,2023-06-08T09:29:12.300Z,32.7745943,35.0244046,217.666,1.854,1.34,8559,34152.3,1.18,3,MSLV
51859.270399999994,2023-06-08T09:29:12.400Z,32.7745936,35.0244059,217.664,1.488,1.86,8559,34152.4,1.18,3,MSLV
51958.86719999999,2023-06-08T09:29:12.500Z,32.7745928,35.0244073,217.688,1.612,1.49,8559,34152.5,1.18,3,MSLV
52058.464,2023-06-08T09:29:12.599Z,32.7745917,35.0244085,217.689,1.67,1.61,8559,34152.6,1.18,3,MSLV
52158.6168,2023-06-08T09:29:12.699Z,32.7745911,35.0244098,217.685,1.443,1.67,8559,34152.7,1.18,3,MSLV
52258.7696,2023-06-08T09:29:12.800Z,32.7745901,35.0244108,217.682,1.391,1.44,8559,34152.8,1.18,3,MSLV
52358.922399999996,2023-06-08T09:29:12.900Z,32.7745894,35.0244118,217.7,1.323,1.39,8559,34152.9,1.18,3,MSLV
52459.07519999999,2023-06-08T09:29:13.000Z,32.7745888,35.0244128,217.707,1.187,1.32,8559,34153,1.28,3,MSLV
52559.22799999999,2023-06-08T09:29:13.099Z,32.7745881,35.0244137,217.706,1.185,1.19,8559,34153.1,1.28,3,MSLV
52659.380799999984,2023-06-08T09:29:13.199Z,32.7745873,35.0244146,217.73,1.21,1.19,8559,34153.2,1.28,3,MSLV
52759.53359999998,2023-06-08T09:29:13.300Z,32.7745871,35.0244155,217.718,0.866,1.21,8559,34153.3,1.28,3,MSLV
52859.68639999998,2023-06-08T09:29:13.400Z,32.7745862,35.0244162,217.749,1.119,0.87,8559,34153.4,1.28,3,MSLV
52959.83919999997,2023-06-08T09:29:13.500Z,32.7745857,35.0244169,217.756,0.89,1.12,8559,34153.5,1.28,3,MSLV
53059.992,2023-06-08T09:29:13.599Z,32.7745852,35.0244176,217.753,0.909,0.89,8559,34153.6,1.28,3,MSLV
53160.5368,2023-06-08T09:29:13.699Z,32.7745845,35.0244183,217.783,0.994,0.91,8559,34153.7,1.28,3,MSLV
53261.081600000005,2023-06-08T09:29:13.800Z,32.7745842,35.0244189,217.748,0.741,1,8559,34153.8,1.28,3,MSLV
53361.62640000001,2023-06-08T09:29:13.900Z,32.7745835,35.0244194,217.779,0.842,0.74,8559,34153.9,1.18,3,MSLV
53462.17120000001,2023-06-08T09:29:14.000Z,32.774583,35.0244202,217.745,0.896,0.84,8559,34154,1.18,3,MSLV
53562.716000000015,2023-06-08T09:29:14.099Z,32.7745827,35.0244209,217.731,0.811,0.9,8559,34154.1,1.28,3,MSLV
53663.26080000002,2023-06-08T09:29:14.199Z,32.7745821,35.0244215,217.721,0.841,0.81,8559,34154.2,1.28,3,MSLV
53763.80560000002,2023-06-08T09:29:14.300Z,32.7745816,35.0244223,217.698,0.913,0.84,8559,34154.3,1.28,3,MSLV
53864.350400000025,2023-06-08T09:29:14.400Z,32.7745811,35.0244232,217.736,0.985,0.92,8559,34154.4,1.18,3,MSLV
53964.89520000003,2023-06-08T09:29:14.500Z,32.7745805,35.0244241,217.746,1.077,0.99,8559,34154.5,1.18,3,MSLV
54065.44,2023-06-08T09:29:14.599Z,32.77458,35.0244251,217.726,1.06,1.08,8559,34154.6,1.18,3,MSLV
54165.014,2023-06-08T09:29:14.699Z,32.7745793,35.0244258,217.726,1.022,1.06,8559,34154.7,1.18,3,MSLV
54264.588,2023-06-08T09:29:14.800Z,32.7745787,35.0244265,217.741,0.912,1.02,8559,34154.8,1.18,3,MSLV
54364.162000000004,2023-06-08T09:29:14.900Z,32.774578,35.0244275,217.735,1.198,0.91,8559,34154.9,1.18,3,MSLV
54463.736000000004,2023-06-08T09:29:15.000Z,32.7745774,35.0244284,217.731,1.072,1.2,8559,34155,1.18,3,MSLV
54563.310000000005,2023-06-08T09:29:15.099Z,32.7745768,35.0244292,217.716,0.965,1.07,8559,34155.1,1.18,3,MSLV
54662.884000000005,2023-06-08T09:29:15.199Z,32.774576,35.02443,217.72,1.135,0.97,8559,34155.2,1.18,3,MSLV
54762.458000000006,2023-06-08T09:29:15.300Z,32.7745756,35.0244309,217.727,0.966,1.14,8559,34155.3,1.18,3,MSLV
54862.03200000001,2023-06-08T09:29:15.400Z,32.7745748,35.0244317,217.73,1.172,0.97,8559,34155.4,1.18,3,MSLV
54961.60600000001,2023-06-08T09:29:15.500Z,32.7745744,35.0244326,217.725,1.023,1.17,8559,34155.5,1.18,3,MSLV
55061.18,2023-06-08T09:29:15.599Z,32.7745737,35.0244334,217.746,1.024,1.02,8559,34155.6,1.18,3,MSLV
55161.3324,2023-06-08T09:29:15.699Z,32.7745732,35.0244342,217.746,0.983,1.02,8559,34155.7,1.18,3,MSLV
55261.4848,2023-06-08T09:29:15.800Z,32.7745726,35.0244352,217.736,1.145,0.98,8559,34155.8,1.18,3,MSLV
55361.6372,2023-06-08T09:29:15.900Z,32.7745721,35.0244359,217.766,0.881,1.15,8559,34155.9,1.18,3,MSLV
55461.7896,2023-06-08T09:29:16.000Z,32.7745715,35.0244367,217.749,1.002,0.88,8559,34156,1.18,3,MSLV
55561.941999999995,2023-06-08T09:29:16.099Z,32.7745711,35.0244376,217.762,0.974,1,8559,34156.1,1.18,3,MSLV
55662.094399999994,2023-06-08T09:29:16.199Z,32.7745705,35.0244384,217.756,0.955,0.97,8559,34156.2,1.18,3,MSLV
55762.24679999999,2023-06-08T09:29:16.300Z,32.77457,35.0244392,217.762,0.98,0.96,8559,34156.3,1.18,3,MSLV
55862.39919999999,2023-06-08T09:29:16.400Z,32.7745695,35.02444,217.757,0.935,0.98,8559,34156.4,1.18,3,MSLV
55962.55159999999,2023-06-08T09:29:16.500Z,32.7745689,35.0244409,217.754,1.049,0.94,8559,34156.5,1.18,3,MSLV
56062.704,2023-06-08T09:29:16.599Z,32.7745683,35.0244417,217.76,0.986,1.05,8559,34156.6,1.18,3,MSLV
56162.664399999994,2023-06-08T09:29:16.699Z,32.7745678,35.0244425,217.775,0.926,0.99,8559,34156.7,1.18,3,MSLV
56262.62479999999,2023-06-08T09:29:16.800Z,32.7745673,35.0244435,217.768,1.1,0.93,8559,34156.8,1.18,3,MSLV
56362.58519999999,2023-06-08T09:29:16.900Z,32.7745667,35.0244443,217.775,1.074,1.1,8559,34156.9,1.18,3,MSLV
56462.54559999998,2023-06-08T09:29:17.000Z,32.7745662,35.0244452,217.786,1.006,1.07,8559,34157,1.18,3,MSLV
56562.50599999998,2023-06-08T09:29:17.099Z,32.7745656,35.024446,217.805,1.02,1.01,8559,34157.1,1.18,3,MSLV
56662.466399999976,2023-06-08T09:29:17.199Z,32.7745651,35.0244469,217.781,1.055,1.02,8559,34157.2,1.18,3,MSLV
56762.42679999997,2023-06-08T09:29:17.300Z,32.7745646,35.0244479,217.813,1.053,1.06,8559,34157.3,1.18,3,MSLV
56862.38719999997,2023-06-08T09:29:17.400Z,32.7745641,35.0244486,217.792,0.925,1.06,8559,34157.4,1.18,3,MSLV
56962.347599999965,2023-06-08T09:29:17.500Z,32.7745635,35.0244494,217.796,1.004,0.92,8559,34157.5,1.1,3,MSLV
57062.308,2023-06-08T09:29:17.599Z,32.7745628,35.0244502,217.809,1.077,1,8559,34157.6,1.1,3,MSLV
57163.132,2023-06-08T09:29:17.699Z,32.7745622,35.024451,217.781,1.006,1.08,8559,34157.7,1.1,3,MSLV
57263.956,2023-06-08T09:29:17.800Z,32.7745618,35.0244519,217.832,0.974,1.01,8559,34157.8,1.1,3,MSLV
57364.78,2023-06-08T09:29:17.900Z,32.7745611,35.0244527,217.844,1.082,0.97,8559,34157.9,1.1,3,MSLV
57465.604,2023-06-08T09:29:18.000Z,32.7745605,35.0244535,217.84,1.012,1.08,8559,34158,1.1,3,MSLV
57566.428,2023-06-08T09:29:18.099Z,32.7745598,35.0244544,217.842,1.096,1.01,8559,34158.1,1.1,3,MSLV
57667.252,2023-06-08T09:29:18.199Z,32.7745592,35.0244553,217.861,1.073,1.1,8559,34158.2,1.1,3,MSLV
57768.076,2023-06-08T09:29:18.300Z,32.7745586,35.0244561,217.87,1.07,1.07,8559,34158.3,1.1,3,MSLV
57868.9,2023-06-08T09:29:18.400Z,32.7745581,35.024457,217.853,0.967,1.07,8559,34158.4,1.18,3,MSLV
57969.724,2023-06-08T09:29:18.500Z,32.7745577,35.0244578,217.859,0.908,0.97,8559,34158.5,1.18,3,MSLV
58070.548,2023-06-08T09:29:18.599Z,32.7745573,35.0244583,217.863,0.724,0.91,8559,34158.6,1.18,3,MSLV
58169.624800000005,2023-06-08T09:29:18.699Z,32.7745569,35.0244586,217.878,0.511,0.72,8559,34158.7,1.18,3,MSLV
58268.70160000001,2023-06-08T09:29:18.800Z,32.7745565,35.0244591,217.843,0.607,0.51,8559,34158.8,1.18,3,MSLV
58367.77840000001,2023-06-08T09:29:18.900Z,32.7745563,35.0244593,217.852,0.332,0.61,8559,34158.9,1.18,3,MSLV
58466.85520000001,2023-06-08T09:29:19.000Z,32.7745562,35.0244596,217.853,0.326,0.33,8559,34159,1.18,3,MSLV
58565.932000000015,2023-06-08T09:29:19.099Z,32.774556,35.0244598,217.857,0.285,0.33,8559,34159.1,1.18,3,MSLV
58665.00880000002,2023-06-08T09:29:19.199Z,32.7745559,35.02446,217.853,0.213,0.29,8559,34159.2,1.18,3,MSLV
58764.08560000002,2023-06-08T09:29:19.300Z,32.7745558,35.02446,217.848,0.137,0.21,8559,34159.3,1.18,3,MSLV
58863.16240000002,2023-06-08T09:29:19.400Z,32.7745556,35.0244601,217.86,0.165,0.14,8559,34159.4,1.1,3,MSLV
58962.239200000025,2023-06-08T09:29:19.500Z,32.7745555,35.0244601,217.853,0.093,0.16,8559,34159.5,1.1,3,MSLV
59061.316,2023-06-08T09:29:19.599Z,32.7745555,35.0244601,217.867,0.034,0.1,8559,34159.6,1.1,3,MSLV
59161.12472727273,2023-06-08T09:29:19.699Z,32.7745553,35.02446,217.872,0.127,0.03,8559,34159.7,1.1,3,MSLV
59260.933454545455,2023-06-08T09:29:19.800Z,32.7745553,35.02446,217.868,0.032,0.13,8559,34159.8,1.1,3,MSLV
59360.74218181818,2023-06-08T09:29:19.900Z,32.7745553,35.0244599,217.865,0.06,0.04,8559,34159.9,1.18,3,MSLV
59460.55090909091,2023-06-08T09:29:20.000Z,32.7745553,35.0244598,217.871,0.059,0.06,8559,34160,1.18,3,MSLV
59560.35963636364,2023-06-08T09:29:20.099Z,32.7745553,35.0244598,217.863,0.058,0.06,8559,34160.1,1.18,3,MSLV
59660.16836363637,2023-06-08T09:29:20.199Z,32.7745553,35.0244598,217.865,0.052,0.06,8559,34160.2,1.18,3,MSLV
59759.977090909095,2023-06-08T09:29:20.300Z,32.7745552,35.0244597,217.856,0.055,0.05,8559,34160.3,1.18,3,MSLV
59859.78581818182,2023-06-08T09:29:20.400Z,32.7745553,35.0244597,217.856,0.053,0.06,8559,34160.4,1.18,3,MSLV
59959.59454545455,2023-06-08T09:29:20.500Z,32.7745553,35.0244597,217.847,0.021,0.05,8559,34160.5,1.18,3,MSLV
60059.40327272728,2023-06-08T09:29:20.599Z,32.7745552,35.0244597,217.847,0.049,0.03,8559,34160.6,1.18,3,MSLV
60159.212,2023-06-08T09:29:20.699Z,32.7745552,35.0244596,217.845,0.06,0.05,8559,34160.7,1.18,3,MSLV
60259.872,2023-06-08T09:29:20.800Z,32.7745552,35.0244596,217.835,0.062,0.06,8559,34160.8,1.18,3,MSLV
60360.53200000001,2023-06-08T09:29:20.900Z,32.7745552,35.0244595,217.832,0.069,0.06,8559,34160.9,1.18,3,MSLV
60461.19200000001,2023-06-08T09:29:21.000Z,32.7745552,35.0244595,217.828,0.031,0.07,8559,34161,1.18,3,MSLV
60561.85200000001,2023-06-08T09:29:21.099Z,32.7745552,35.0244595,217.825,0.035,0.03,8559,34161.1,1.18,3,MSLV
60662.51200000002,2023-06-08T09:29:21.199Z,32.7745552,35.0244594,217.817,0.028,0.04,8559,34161.2,1.18,3,MSLV
60763.17200000002,2023-06-08T09:29:21.300Z,32.7745551,35.0244593,217.817,0.02,0.03,8559,34161.3,1.18,3,MSLV
60863.832000000024,2023-06-08T09:29:21.400Z,32.7745551,35.0244593,217.798,0.016,0.02,8559,34161.4,1.18,3,MSLV
60964.49200000003,2023-06-08T09:29:21.500Z,32.774555,35.0244592,217.796,0.061,0.03,8559,34161.5,1.18,3,MSLV
61065.152,2023-06-08T09:29:21.599Z,32.7745549,35.0244593,217.791,0.202,0.06,8559,34161.6,1.18,3,MSLV
61164.6944,2023-06-08T09:29:21.699Z,32.7745547,35.0244593,217.787,0.138,0.2,8559,34161.7,1.18,3,MSLV
61264.2368,2023-06-08T09:29:21.800Z,32.7745546,35.0244592,217.798,0.114,0.14,8559,34161.8,1.18,3,MSLV
61363.7792,2023-06-08T09:29:21.900Z,32.7745545,35.0244593,217.779,0.138,0.12,8559,34161.9,1.18,3,MSLV
61463.321599999996,2023-06-08T09:29:22.000Z,32.7745545,35.0244592,217.784,0.038,0.14,8559,34162,1.18,3,MSLV
61562.863999999994,2023-06-08T09:29:22.099Z,32.7745544,35.0244592,217.787,0.09,0.04,8559,34162.1,1.18,3,MSLV
61662.40639999999,2023-06-08T09:29:22.199Z,32.7745542,35.0244591,217.767,0.184,0.09,8559,34162.2,1.18,3,MSLV
61761.94879999999,2023-06-08T09:29:22.300Z,32.7745542,35.024459,217.767,0.04,0.19,8559,34162.3,1.18,3,MSLV
61861.49119999999,2023-06-08T09:29:22.400Z,32.7745543,35.024459,217.767,0.036,0.05,8559,34162.4,1.18,3,MSLV
61961.03359999999,2023-06-08T09:29:22.500Z,32.7745542,35.0244589,217.759,0.053,0.04,8559,34162.5,1.18,3,MSLV
62060.576,2023-06-08T09:29:22.599Z,32.7745542,35.0244589,217.768,0.04,0.06,8559,34162.6,1.18,3,MSLV
62160.6432,2023-06-08T09:29:22.699Z,32.7745542,35.0244588,217.752,0.074,0.04,8559,34162.7,1.18,3,MSLV
62260.710399999996,2023-06-08T09:29:22.800Z,32.7745542,35.0244587,217.756,0.079,0.08,8559,34162.8,1.18,3,MSLV
62360.777599999994,2023-06-08T09:29:22.900Z,32.7745542,35.0244587,217.743,0.06,0.08,8559,34162.9,1.18,3,MSLV
62460.84479999999,2023-06-08T09:29:23.000Z,32.7745542,35.0244587,217.745,0.054,0.07,8559,34163,1.18,3,MSLV
62560.91199999999,2023-06-08T09:29:23.099Z,32.7745542,35.0244587,217.739,0.042,0.05,8559,34163.1,1.18,3,MSLV
62660.97919999999,2023-06-08T09:29:23.199Z,32.7745542,35.0244586,217.731,0.044,0.05,8559,34163.2,1.18,3,MSLV
62761.046399999985,2023-06-08T09:29:23.300Z,32.7745542,35.0244586,217.733,0.029,0.05,8559,34163.3,1.18,3,MSLV
62861.11359999998,2023-06-08T09:29:23.400Z,32.7745542,35.0244585,217.723,0.029,0.03,8559,34163.4,1.18,3,MSLV
62961.18079999998,2023-06-08T09:29:23.500Z,32.7745542,35.0244586,217.714,0.048,0.03,8559,34163.5,1.18,3,MSLV
63061.248,2023-06-08T09:29:23.599Z,32.7745541,35.0244585,217.72,0.063,0.05,8559,34163.6,1.18,3,MSLV
63161.2788,2023-06-08T09:29:23.699Z,32.7745542,35.0244584,217.714,0.065,0.06,8559,34163.7,1.18,3,MSLV
63261.3096,2023-06-08T09:29:23.800Z,32.7745541,35.0244584,217.711,0.06,0.07,8559,34163.8,1.18,3,MSLV
63361.3404,2023-06-08T09:29:23.900Z,32.7745541,35.0244584,217.699,0.026,0.06,8559,34163.9,1.18,3,MSLV
63461.3712,2023-06-08T09:29:24.000Z,32.7745541,35.0244584,217.708,0.022,0.04,8559,34164,1.18,3,MSLV
63561.402,2023-06-08T09:29:24.099Z,32.7745541,35.0244583,217.699,0.005,0.02,8559,34164.1,1.18,3,MSLV
63661.4328,2023-06-08T09:29:24.199Z,32.7745541,35.0244583,217.697,0.032,0.02,8559,34164.2,1.18,3,MSLV
63761.4636,2023-06-08T09:29:24.300Z,32.7745541,35.0244582,217.693,0.027,0.03,8559,34164.3,1.18,3,MSLV
63861.4944,2023-06-08T09:29:24.400Z,32.7745541,35.0244582,217.687,0.022,0.03,8559,34164.4,1.18,3,MSLV
63961.525200000004,2023-06-08T09:29:24.500Z,32.7745541,35.0244582,217.683,0.015,0.03,8559,34164.5,1.18,3,MSLV
64061.556,2023-06-08T09:29:24.599Z,32.7745541,35.0244582,217.679,0.051,0.02,8559,34164.6,1.18,3,MSLV
64161.4212,2023-06-08T09:29:24.699Z,32.7745541,35.0244581,217.674,0.033,0.05,8559,34164.7,1.18,3,MSLV
64261.2864,2023-06-08T09:29:24.800Z,32.7745541,35.0244581,217.677,0.015,0.04,8559,34164.8,1.18,3,MSLV
64361.1516,2023-06-08T09:29:24.900Z,32.7745541,35.024458,217.673,0.016,0.02,8559,34164.9,1.18,3,MSLV
64461.0168,2023-06-08T09:29:25.000Z,32.774554,35.0244581,217.666,0.05,0.02,8559,34165,1.18,3,MSLV
64560.882,2023-06-08T09:29:25.099Z,32.774554,35.024458,217.673,0.049,0.05,8559,34165.1,1.18,3,MSLV
64660.7472,2023-06-08T09:29:25.199Z,32.774554,35.0244579,217.659,0.009,0.05,8559,34165.2,1.18,3,MSLV
64760.6124,2023-06-08T09:29:25.300Z,32.774554,35.0244579,217.653,0.034,0.02,8559,34165.3,1.18,3,MSLV
64860.4776,2023-06-08T09:29:25.400Z,32.7745538,35.0244579,217.656,0.147,0.04,8559,34165.4,1.18,3,MSLV
64960.3428,2023-06-08T09:29:25.500Z,32.7745537,35.024458,217.659,0.231,0.15,8559,34165.5,1.18,3,MSLV
65060.208,2023-06-08T09:29:25.599Z,32.7745534,35.0244581,217.641,0.283,0.23,8559,34165.6,1.18,3,MSLV
65160.62618181818,2023-06-08T09:29:25.699Z,32.7745533,35.0244583,217.646,0.298,0.28,8559,34165.7,1.18,3,MSLV
65261.04436363636,2023-06-08T09:29:25.800Z,32.774553,35.0244584,217.631,0.31,0.3,8559,34165.8,1.18,3,MSLV
65361.462545454546,2023-06-08T09:29:25.900Z,32.7745527,35.0244582,217.641,0.286,0.31,8559,34165.9,1.18,3,MSLV
65461.88072727273,2023-06-08T09:29:26.000Z,32.7745526,35.0244584,217.641,0.202,0.29,8559,34166,1.18,3,MSLV
65562.29890909091,2023-06-08T09:29:26.099Z,32.7745525,35.0244587,217.609,0.294,0.2,8559,34166.1,1.18,3,MSLV
65662.7170909091,2023-06-08T09:29:26.199Z,32.7745523,35.0244588,217.62,0.21,0.3,8559,34166.2,1.18,3,MSLV
65763.13527272728,2023-06-08T09:29:26.300Z,32.774552,35.0244591,217.618,0.405,0.21,8559,34166.3,1.18,3,MSLV
65863.55345454546,2023-06-08T09:29:26.400Z,32.7745518,35.0244592,217.62,0.355,0.41,8559,34166.4,1.18,3,MSLV
65963.97163636364,2023-06-08T09:29:26.500Z,32.7745515,35.0244592,217.624,0.275,0.36,8559,34166.5,1.18,3,MSLV
66064.38981818182,2023-06-08T09:29:26.599Z,32.7745512,35.0244593,217.629,0.323,0.27,8559,34166.6,1.18,3,MSLV
66164.808,2023-06-08T09:29:26.699Z,32.7745507,35.0244595,217.613,0.553,0.32,8559,34166.7,1.18,3,MSLV
66264.80711111112,2023-06-08T09:29:26.800Z,32.7745503,35.0244599,217.603,0.597,0.55,8559,34166.8,1.18,3,MSLV
66364.80622222224,2023-06-08T09:29:26.900Z,32.7745497,35.0244603,217.602,0.789,0.6,8559,34166.9,1.18,3,MSLV
66464.80533333335,2023-06-08T09:29:27.000Z,32.774549,35.0244606,217.581,0.732,0.79,8559,34167,1.18,3,MSLV
66564.80444444447,2023-06-08T09:29:27.099Z,32.7745483,35.024461,217.593,0.865,0.73,8559,34167.1,1.18,3,MSLV
66664.80355555558,2023-06-08T09:29:27.199Z,32.7745478,35.0244616,217.576,0.829,0.87,8559,34167.2,1.18,3,MSLV
66764.8026666667,2023-06-08T09:29:27.300Z,32.7745472,35.024462,217.59,0.795,0.83,8559,34167.3,1.18,3,MSLV
66864.80177777782,2023-06-08T09:29:27.400Z,32.7745467,35.0244623,217.582,0.615,0.79,8559,34167.4,1.18,3,MSLV
66964.80088888893,2023-06-08T09:29:27.500Z,32.7745464,35.0244627,217.59,0.574,0.61,8559,34167.5,1.18,3,MSLV
67064.8,2023-06-08T09:29:27.599Z,32.7745465,35.0244632,217.608,0.495,0.57,8559,34167.6,1.18,3,MSLV
67164.82909090909,2023-06-08T09:29:27.699Z,32.7745465,35.0244636,217.616,0.354,0.5,8559,34167.7,1.18,3,MSLV
67264.85818181817,2023-06-08T09:29:27.800Z,32.7745462,35.0244636,217.624,0.277,0.36,8559,34167.8,1.18,3,MSLV
67364.88727272725,2023-06-08T09:29:27.900Z,32.774546,35.0244637,217.607,0.245,0.28,8559,34167.9,1.18,3,MSLV
67464.91636363634,2023-06-08T09:29:28.000Z,32.7745458,35.0244639,217.593,0.291,0.24,8559,34168,1.18,3,MSLV
67564.94545454542,2023-06-08T09:29:28.099Z,32.7745455,35.0244642,217.607,0.367,0.29,8559,34168.1,1.18,3,MSLV
67664.9745454545,2023-06-08T09:29:28.199Z,32.7745452,35.0244644,217.607,0.41,0.37,8559,34168.2,1.18,3,MSLV
67765.00363636359,2023-06-08T09:29:28.300Z,32.7745449,35.0244648,217.581,0.507,0.41,8559,34168.3,1.1,3,MSLV
67865.03272727267,2023-06-08T09:29:28.400Z,32.7745446,35.0244651,217.61,0.415,0.51,8559,34168.4,1.1,3,MSLV
67965.06181818176,2023-06-08T09:29:28.500Z,32.7745444,35.0244653,217.627,0.295,0.41,8559,34168.5,1.1,3,MSLV
68065.09090909084,2023-06-08T09:29:28.599Z,32.7745443,35.0244655,217.617,0.276,0.3,8559,34168.6,1.18,3,MSLV
68165.12,2023-06-08T09:29:28.699Z,32.7745441,35.0244656,217.613,0.205,0.28,8559,34168.7,1.18,3,MSLV
68264.99555555555,2023-06-08T09:29:28.800Z,32.7745437,35.0244657,217.61,0.38,0.21,8559,34168.8,1.18,3,MSLV
68364.8711111111,2023-06-08T09:29:28.900Z,32.7745435,35.0244659,217.611,0.365,0.38,8559,34168.9,1.1,3,MSLV
68464.74666666666,2023-06-08T09:29:29.000Z,32.7745431,35.0244662,217.611,0.48,0.37,8559,34169,1.1,3,MSLV
68564.62222222221,2023-06-08T09:29:29.099Z,32.7745426,35.0244666,217.604,0.65,0.48,8559,34169.1,1.1,3,MSLV
68664.49777777777,2023-06-08T09:29:29.199Z,32.7745422,35.024467,217.615,0.593,0.65,8559,34169.2,1.1,3,MSLV
68764.37333333332,2023-06-08T09:29:29.300Z,32.7745416,35.0244675,217.619,0.769,0.59,8559,34169.3,1.1,3,MSLV
68864.24888888888,2023-06-08T09:29:29.400Z,32.774541,35.024468,217.61,0.847,0.77,8559,34169.4,1.1,3,MSLV
68964.12444444443,2023-06-08T09:29:29.500Z,32.7745404,35.0244685,217.646,0.787,0.85,8559,34169.5,1.1,3,MSLV
69064,2023-06-08T09:29:29.599Z,32.7745398,35.024469,217.625,0.867,0.79,8559,34169.6,1.1,3,MSLV
69163.9544,2023-06-08T09:29:29.699Z,32.7745393,35.0244696,217.63,0.762,0.87,8559,34169.7,1.1,3,MSLV
69263.9088,2023-06-08T09:29:29.800Z,32.7745387,35.0244702,217.645,0.924,0.76,8559,34169.8,1.1,3,MSLV
69363.8632,2023-06-08T09:29:29.900Z,32.7745379,35.0244706,217.659,0.89,0.92,8559,34169.9,1.1,3,MSLV
69463.81760000001,2023-06-08T09:29:30.000Z,32.7745373,35.0244712,217.668,0.875,0.89,8559,34170,1.1,3,MSLV
69563.77200000001,2023-06-08T09:29:30.099Z,32.7745368,35.0244719,217.645,0.861,0.88,8559,34170.1,1.1,3,MSLV
69663.72640000001,2023-06-08T09:29:30.199Z,32.7745362,35.0244724,217.637,0.836,0.86,8559,34170.2,1.1,3,MSLV
69763.68080000002,2023-06-08T09:29:30.300Z,32.7745357,35.0244729,217.663,0.768,0.84,8559,34170.3,1.1,3,MSLV
69863.63520000002,2023-06-08T09:29:30.400Z,32.7745352,35.0244732,217.658,0.656,0.77,8559,34170.4,1.1,3,MSLV
69963.58960000002,2023-06-08T09:29:30.500Z,32.7745349,35.0244736,217.657,0.485,0.66,8559,34170.5,1.1,3,MSLV
70063.544,2023-06-08T09:29:30.599Z,32.7745346,35.0244739,217.663,0.462,0.49,8559,34170.6,1.1,3,MSLV
70162.9656,2023-06-08T09:29:30.699Z,32.7745342,35.0244741,217.661,0.43,0.46,8559,34170.7,1.1,3,MSLV
70262.3872,2023-06-08T09:29:30.800Z,32.774534,35.0244742,217.677,0.312,0.43,8559,34170.8,1.1,3,MSLV
70361.8088,2023-06-08T09:29:30.900Z,32.7745337,35.0244745,217.662,0.377,0.31,8559,34170.9,1.1,3,MSLV
70461.2304,2023-06-08T09:29:31.000Z,32.7745334,35.0244747,217.673,0.396,0.38,8559,34171,1.1,3,MSLV
70560.652,2023-06-08T09:29:31.099Z,32.7745332,35.0244749,217.664,0.262,0.4,8559,34171.1,1.1,3,MSLV
70660.0736,2023-06-08T09:29:31.199Z,32.7745328,35.024475,217.658,0.465,0.26,8559,34171.2,1.1,3,MSLV
70759.4952,2023-06-08T09:29:31.300Z,32.7745326,35.0244752,217.675,0.313,0.47,8559,34171.3,1.1,3,MSLV
70858.9168,2023-06-08T09:29:31.400Z,32.7745325,35.0244754,217.689,0.257,0.31,8559,34171.4,1.1,3,MSLV
70958.33840000001,2023-06-08T09:29:31.500Z,32.7745322,35.0244756,217.679,0.3,0.26,8559,34171.5,1.1,3,MSLV
71057.76,2023-06-08T09:29:31.599Z,32.774532,35.0244758,217.662,0.305,0.3,8559,34171.6,1.1,3,MSLV
71157.45454545454,2023-06-08T09:29:31.699Z,32.7745318,35.024476,217.666,0.312,0.31,8559,34171.7,1.1,3,MSLV
71257.1490909091,2023-06-08T09:29:31.800Z,32.7745316,35.0244762,217.674,0.284,0.31,8559,34171.8,1.1,3,MSLV
71356.84363636364,2023-06-08T09:29:31.900Z,32.7745313,35.0244763,217.683,0.324,0.28,8559,34171.9,1.1,3,MSLV
71456.53818181819,2023-06-08T09:29:32.000Z,32.7745311,35.0244765,217.686,0.298,0.32,8559,34172,1.1,3,MSLV
71556.23272727274,2023-06-08T09:29:32.099Z,32.7745309,35.0244767,217.678,0.299,0.3,8559,34172.1,1.1,3,MSLV
71655.92727272729,2023-06-08T09:29:32.199Z,32.7745307,35.0244769,217.676,0.319,0.3,8559,34172.2,1.1,3,MSLV
71755.62181818184,2023-06-08T09:29:32.300Z,32.7745305,35.0244771,217.685,0.296,0.32,8559,34172.3,1.1,3,MSLV
71855.31636363639,2023-06-08T09:29:32.400Z,32.7745303,35.0244773,217.694,0.337,0.3,8559,34172.4,1.1,3,MSLV
71955.01090909094,2023-06-08T09:29:32.500Z,32.77453,35.0244775,217.693,0.328,0.34,8559,34172.5,1.1,3,MSLV
72054.70545454549,2023-06-08T09:29:32.599Z,32.7745298,35.0244778,217.687,0.326,0.33,8559,34172.6,1.1,3,MSLV
72154.4,2023-06-08T09:29:32.699Z,32.7745296,35.0244779,217.703,0.265,0.33,8559,34172.7,1.1,3,MSLV
72254.4864,2023-06-08T09:29:32.800Z,32.7745295,35.0244782,217.702,0.277,0.26,8559,34172.8,1.1,3,MSLV
72354.5728,2023-06-08T09:29:32.900Z,32.7745293,35.0244783,217.695,0.207,0.28,8559,34172.9,1.1,3,MSLV
72454.6592,2023-06-08T09:29:33.000Z,32.7745291,35.0244783,217.715,0.245,0.21,8559,34173,1.1,3,MSLV
72554.7456,2023-06-08T09:29:33.099Z,32.7745288,35.0244785,217.698,0.308,0.25,8559,34173.1,1.1,3,MSLV
72654.832,2023-06-08T09:29:33.199Z,32.7745287,35.0244786,217.717,0.226,0.31,8559,34173.2,1.1,3,MSLV
72754.9184,2023-06-08T09:29:33.300Z,32.7745285,35.0244787,217.712,0.212,0.23,8559,34173.3,1.1,3,MSLV
72855.0048,2023-06-08T09:29:33.400Z,32.7745282,35.0244789,217.709,0.315,0.21,8559,34173.4,1.1,3,MSLV
72955.0912,2023-06-08T09:29:33.500Z,32.7745279,35.0244792,217.709,0.417,0.32,8559,34173.5,1.1,3,MSLV
73055.1776,2023-06-08T09:29:33.599Z,32.7745277,35.0244796,217.699,0.42,0.42,8559,34173.6,1.1,3,MSLV
73155.264,2023-06-08T09:29:33.699Z,32.7745271,35.0244801,217.698,0.749,0.42,8559,34173.7,1.1,3,MSLV
73255.8208,2023-06-08T09:29:33.800Z,32.7745265,35.0244806,217.69,0.796,0.75,8559,34173.8,1.1,3,MSLV
73356.3776,2023-06-08T09:29:33.900Z,32.774526,35.0244812,217.687,0.851,0.8,8559,34173.9,1.1,3,MSLV
73456.93440000001,2023-06-08T09:29:34.000Z,32.7745254,35.0244819,217.695,0.931,0.85,8559,34174,1.1,3,MSLV
73557.49120000002,2023-06-08T09:29:34.099Z,32.7745244,35.0244825,217.69,1.161,0.93,8559,34174.1,1.1,3,MSLV
73658.04800000002,2023-06-08T09:29:34.199Z,32.7745237,35.024483,217.689,0.958,1.16,8559,34174.2,1.1,3,MSLV
73758.60480000003,2023-06-08T09:29:34.300Z,32.7745231,35.0244838,217.717,1.054,0.96,8559,34174.3,1.1,3,MSLV
73859.16160000004,2023-06-08T09:29:34.400Z,32.7745222,35.0244846,217.689,1.17,1.05,8559,34174.4,1.1,3,MSLV
73959.71840000004,2023-06-08T09:29:34.500Z,32.7745214,35.0244852,217.68,1.009,1.17,8559,34174.5,1.1,3,MSLV
74060.27520000005,2023-06-08T09:29:34.599Z,32.7745209,35.024486,217.7,0.993,1.01,8559,34174.6,1.1,3,MSLV
74160.832,2023-06-08T09:29:34.699Z,32.7745202,35.0244867,217.695,1.016,0.99,8559,34174.7,1.1,3,MSLV
74260.2472,2023-06-08T09:29:34.800Z,32.7745196,35.0244873,217.702,0.933,1.02,8559,34174.8,1.1,3,MSLV
74359.6624,2023-06-08T09:29:34.900Z,32.7745189,35.0244881,217.659,0.936,0.93,8559,34174.9,1.1,3,MSLV
74459.0776,2023-06-08T09:29:35.000Z,32.7745184,35.0244887,217.648,0.812,0.94,8559,34175,1.1,3,MSLV
74558.4928,2023-06-08T09:29:35.099Z,32.774518,35.0244892,217.684,0.78,0.82,8559,34175.1,1.1,3,MSLV
74657.90800000001,2023-06-08T09:29:35.199Z,32.7745173,35.0244898,217.653,0.812,0.78,8559,34175.2,1.1,3,MSLV
74757.32320000001,2023-06-08T09:29:35.300Z,32.774517,35.0244903,217.645,0.639,0.81,8559,34175.3,1.18,3,MSLV
74856.73840000002,2023-06-08T09:29:35.400Z,32.7745166,35.0244907,217.655,0.615,0.64,8559,34175.4,1.1,3,MSLV
74956.15360000002,2023-06-08T09:29:35.500Z,32.7745163,35.0244911,217.683,0.602,0.62,8559,34175.5,1.18,3,MSLV
75055.56880000002,2023-06-08T09:29:35.599Z,32.7745158,35.0244915,217.653,0.564,0.6,8559,34175.6,1.18,3,MSLV
75154.984,2023-06-08T09:29:35.699Z,32.7745156,35.0244919,217.668,0.486,0.57,8559,34175.7,1.18,3,MSLV
75255.19279999999,2023-06-08T09:29:35.800Z,32.7745153,35.0244922,217.686,0.469,0.49,8559,34175.8,1.18,3,MSLV
75355.40159999998,2023-06-08T09:29:35.900Z,32.7745148,35.0244926,217.682,0.673,0.47,8559,34175.9,1.1,3,MSLV
75455.61039999998,2023-06-08T09:29:36.000Z,32.7745146,35.0244929,217.668,0.372,0.67,8559,34176,1.1,3,MSLV
75555.81919999997,2023-06-08T09:29:36.099Z,32.7745143,35.0244933,217.683,0.514,0.37,8559,34176.1,1.1,3,MSLV
75656.02799999996,2023-06-08T09:29:36.199Z,32.7745138,35.0244937,217.665,0.606,0.51,8559,34176.2,1.1,3,MSLV
75756.23679999996,2023-06-08T09:29:36.300Z,32.7745136,35.0244941,217.681,0.504,0.61,8559,34176.3,1.1,3,MSLV
75856.44559999995,2023-06-08T09:29:36.400Z,32.7745132,35.0244944,217.686,0.487,0.5,8559,34176.4,1.1,3,MSLV
75956.65439999994,2023-06-08T09:29:36.500Z,32.7745127,35.0244947,217.667,0.594,0.49,8559,34176.5,1.1,3,MSLV
76056.86319999993,2023-06-08T09:29:36.599Z,32.7745125,35.0244951,217.673,0.553,0.59,8559,34176.6,1.1,3,MSLV
76157.072,2023-06-08T09:29:36.699Z,32.774512,35.0244956,217.673,0.661,0.55,8559,34176.7,1.1,3,MSLV
76257.3992,2023-06-08T09:29:36.800Z,32.7745117,35.0244959,217.678,0.477,0.66,8559,34176.8,1.1,3,MSLV
76357.7264,2023-06-08T09:29:36.900Z,32.7745114,35.0244965,217.684,0.665,0.48,8559,34176.9,1.1,3,MSLV
76458.0536,2023-06-08T09:29:37.000Z,32.7745109,35.024497,217.664,0.693,0.66,8559,34177,1.1,3,MSLV
76558.3808,2023-06-08T09:29:37.099Z,32.7745106,35.0244974,217.693,0.608,0.69,8559,34177.1,1.1,3,MSLV
76658.708,2023-06-08T09:29:37.199Z,32.7745102,35.024498,217.666,0.641,0.61,8559,34177.2,1.1,3,MSLV
76759.0352,2023-06-08T09:29:37.300Z,32.7745096,35.0244987,217.668,0.898,0.64,8559,34177.3,1.1,3,MSLV
76859.3624,2023-06-08T09:29:37.400Z,32.7745091,35.0244993,217.679,0.832,0.9,8559,34177.4,1.1,3,MSLV
76959.6896,2023-06-08T09:29:37.500Z,32.7745085,35.0245,217.686,0.921,0.83,8559,34177.5,1.1,3,MSLV
77060.0168,2023-06-08T09:29:37.599Z,32.7745077,35.0245007,217.67,1.08,0.92,8559,34177.6,1.1,3,MSLV
77160.344,2023-06-08T09:29:37.699Z,32.7745072,35.0245014,217.679,0.929,1.08,8559,34177.7,1.1,3,MSLV
77260.4008,2023-06-08T09:29:37.800Z,32.7745063,35.0245023,217.703,1.255,0.93,8559,34177.8,1.1,3,MSLV
77360.45760000001,2023-06-08T09:29:37.900Z,32.7745055,35.0245031,217.637,1.119,1.26,8559,34177.9,1.1,3,MSLV
77460.51440000001,2023-06-08T09:29:38.000Z,32.7745047,35.0245041,217.676,1.295,1.12,8559,34178,1.22,3,MSLV
77560.57120000002,2023-06-08T09:29:38.099Z,32.7745037,35.0245048,217.655,1.22,1.29,8559,34178.1,1.22,3,MSLV
77660.62800000003,2023-06-08T09:29:38.199Z,32.7745031,35.0245057,217.684,1.23,1.22,8559,34178.2,1.22,3,MSLV
77760.68480000003,2023-06-08T09:29:38.300Z,32.7745023,35.0245065,217.701,1.102,1.23,8559,34178.3,1.22,3,MSLV
77860.74160000004,2023-06-08T09:29:38.400Z,32.7745014,35.0245073,217.644,1.152,1.1,8559,34178.4,1.22,3,MSLV
77960.79840000004,2023-06-08T09:29:38.500Z,32.7745008,35.0245082,217.668,1.171,1.15,8559,34178.5,1.22,3,MSLV
78060.85520000005,2023-06-08T09:29:38.599Z,32.7745001,35.0245089,217.68,1.023,1.17,8559,34178.6,1.22,3,MSLV
78160.912,2023-06-08T09:29:38.699Z,32.7744994,35.0245096,217.664,1.013,1.02,8559,34178.7,1.22,3,MSLV
78260.5016,2023-06-08T09:29:38.800Z,32.7744988,35.0245104,217.642,0.945,1.01,8559,34178.8,1.22,3,MSLV
78360.09120000001,2023-06-08T09:29:38.900Z,32.7744982,35.024511,217.667,0.939,0.95,8559,34178.9,1.22,3,MSLV
78459.68080000002,2023-06-08T09:29:39.000Z,32.7744976,35.0245114,217.658,0.762,0.94,8559,34179,1.1,3,MSLV
78559.27040000002,2023-06-08T09:29:39.099Z,32.774497,35.0245121,217.673,0.904,0.76,8559,34179.1,1.1,3,MSLV
78658.86000000003,2023-06-08T09:29:39.199Z,32.7744965,35.0245127,217.683,0.878,0.9,8559,34179.2,1.1,3,MSLV
78758.44960000004,2023-06-08T09:29:39.300Z,32.7744959,35.0245132,217.692,0.794,0.88,8559,34179.3,1.1,3,MSLV
78858.03920000004,2023-06-08T09:29:39.400Z,32.7744951,35.0245137,217.668,0.952,0.79,8559,34179.4,1.1,3,MSLV
78957.62880000005,2023-06-08T09:29:39.500Z,32.7744947,35.0245142,217.706,0.75,0.95,8559,34179.5,1.1,3,MSLV
79057.21840000006,2023-06-08T09:29:39.599Z,32.7744941,35.0245147,217.708,0.788,0.75,8559,34179.6,1.1,3,MSLV
79156.808,2023-06-08T09:29:39.699Z,32.7744936,35.0245153,217.695,0.774,0.79,8559,34179.7,1.1,3,MSLV
79257.1792,2023-06-08T09:29:39.800Z,32.7744932,35.0245157,217.715,0.662,0.77,8559,34179.8,1.22,3,MSLV
79357.5504,2023-06-08T09:29:39.900Z,32.7744927,35.0245163,217.689,0.749,0.66,8559,34179.9,1.22,3,MSLV
79457.92159999999,2023-06-08T09:29:40.000Z,32.7744921,35.0245169,217.677,0.781,0.75,8559,34180,1.22,3,MSLV
79558.29279999998,2023-06-08T09:29:40.099Z,32.7744918,35.0245173,217.691,0.6,0.78,8559,34180.1,1.22,3,MSLV
79658.66399999998,2023-06-08T09:29:40.199Z,32.7744913,35.0245178,217.692,0.726,0.6,8559,34180.2,1.22,3,MSLV
79759.03519999997,2023-06-08T09:29:40.300Z,32.774491,35.0245182,217.684,0.474,0.73,8559,34180.3,1.22,3,MSLV
79859.40639999996,2023-06-08T09:29:40.400Z,32.7744905,35.0245187,217.698,0.69,0.47,8559,34180.4,1.22,3,MSLV
79959.77759999996,2023-06-08T09:29:40.500Z,32.7744903,35.024519,217.685,0.381,0.69,8559,34180.5,1.22,3,MSLV
80060.14879999995,2023-06-08T09:29:40.599Z,32.7744896,35.0245196,217.675,0.815,0.38,8559,34180.6,1.22,3,MSLV
80160.52,2023-06-08T09:29:40.699Z,32.7744894,35.02452,217.683,0.559,0.82,8559,34180.7,1.22,3,MSLV
80260.1792,2023-06-08T09:29:40.800Z,32.7744887,35.0245204,217.702,0.776,0.56,8559,34180.8,1.22,3,MSLV
80359.8384,2023-06-08T09:29:40.900Z,32.7744884,35.0245208,217.661,0.554,0.78,8559,34180.9,1.22,3,MSLV
80459.49759999999,2023-06-08T09:29:41.000Z,32.7744881,35.0245213,217.662,0.535,0.56,8559,34181,1.22,3,MSLV
80559.15679999998,2023-06-08T09:29:41.099Z,32.7744876,35.0245217,217.685,0.66,0.54,8559,34181.1,1.22,3,MSLV
80658.81599999998,2023-06-08T09:29:41.199Z,32.7744873,35.0245221,217.683,0.549,0.66,8559,34181.2,1.22,3,MSLV
80758.47519999997,2023-06-08T09:29:41.300Z,32.7744868,35.0245225,217.654,0.638,0.55,8559,34181.3,1.22,3,MSLV
80858.13439999997,2023-06-08T09:29:41.400Z,32.7744866,35.0245227,217.689,0.395,0.64,8559,34181.4,1.22,3,MSLV
80957.79359999996,2023-06-08T09:29:41.500Z,32.7744861,35.0245232,217.68,0.607,0.4,8559,34181.5,1.22,3,MSLV
81057.45279999996,2023-06-08T09:29:41.599Z,32.7744857,35.0245236,217.617,0.507,0.61,8559,34181.6,1.22,3,MSLV
81157.112,2023-06-08T09:29:41.699Z,32.7744853,35.024524,217.621,0.56,0.52,8559,34181.7,1.22,3,MSLV
81256.9432,2023-06-08T09:29:41.800Z,32.774485,35.0245244,217.627,0.581,0.56,8559,34181.8,1.22,3,MSLV
81356.7744,2023-06-08T09:29:41.900Z,32.7744846,35.0245249,217.629,0.682,0.58,8559,34181.9,1.22,3,MSLV
81456.6056,2023-06-08T09:29:42.000Z,32.7744842,35.0245252,217.637,0.457,0.68,8559,34182,1.22,3,MSLV
81556.4368,2023-06-08T09:29:42.099Z,32.7744839,35.0245257,217.654,0.639,0.46,8559,34182.1,1.22,3,MSLV
81656.268,2023-06-08T09:29:42.199Z,32.7744835,35.024526,217.624,0.491,0.64,8559,34182.2,1.28,3,MSLV
81756.0992,2023-06-08T09:29:42.300Z,32.7744831,35.0245265,217.663,0.679,0.49,8559,34182.3,1.28,3,MSLV
81855.9304,2023-06-08T09:29:42.400Z,32.7744828,35.0245268,217.623,0.414,0.68,8559,34182.4,1.28,3,MSLV
81955.7616,2023-06-08T09:29:42.500Z,32.7744823,35.0245272,217.645,0.643,0.42,8559,34182.5,1.28,3,MSLV
82055.5928,2023-06-08T09:29:42.599Z,32.774482,35.0245277,217.65,0.593,0.64,8559,34182.6,1.28,3,MSLV
82155.424,2023-06-08T09:29:42.699Z,32.7744816,35.024528,217.636,0.548,0.59,8559,34182.7,1.28,3,MSLV
82255.696,2023-06-08T09:29:42.800Z,32.774481,35.0245286,217.629,0.744,0.55,8559,34182.8,1.28,3,MSLV
82355.968,2023-06-08T09:29:42.900Z,32.7744807,35.024529,217.628,0.564,0.74,8559,34182.9,1.28,3,MSLV
82456.23999999999,2023-06-08T09:29:43.000Z,32.7744802,35.0245295,217.641,0.726,0.57,8559,34183,1.28,3,MSLV
82556.51199999999,2023-06-08T09:29:43.099Z,32.7744796,35.02453,217.628,0.84,0.73,8559,34183.1,1.28,3,MSLV
82656.78399999999,2023-06-08T09:29:43.199Z,32.774479,35.0245308,217.614,0.916,0.84,8559,34183.2,1.28,3,MSLV
82757.05599999998,2023-06-08T09:29:43.300Z,32.7744785,35.0245316,217.611,0.957,0.92,8559,34183.3,1.28,3,MSLV
82857.32799999998,2023-06-08T09:29:43.400Z,32.7744777,35.0245323,217.623,1.035,0.96,8559,34183.4,1.28,3,MSLV
82957.59999999998,2023-06-08T09:29:43.500Z,32.7744769,35.0245332,217.607,1.25,1.03,8559,34183.5,1.28,3,MSLV
83057.87199999997,2023-06-08T09:29:43.599Z,32.7744762,35.024534,217.619,1.041,1.25,8559,34183.6,1.28,3,MSLV
83158.144,2023-06-08T09:29:43.699Z,32.7744754,35.0245348,217.602,1.223,1.04,8559,34183.7,1.28,3,MSLV
83258.5952,2023-06-08T09:29:43.800Z,32.7744746,35.0245357,217.629,1.214,1.22,8559,34183.8,1.28,3,MSLV
83359.04639999999,2023-06-08T09:29:43.900Z,32.7744738,35.0245366,217.604,1.207,1.21,8559,34183.9,1.28,3,MSLV
83459.49759999999,2023-06-08T09:29:44.000Z,32.7744728,35.0245374,217.584,1.263,1.21,8559,34184,1.28,3,MSLV
83559.94879999998,2023-06-08T09:29:44.099Z,32.7744722,35.0245382,217.64,1.082,1.27,8559,34184.1,1.28,3,MSLV
83660.39999999998,2023-06-08T09:29:44.199Z,32.7744715,35.024539,217.659,1.1,1.08,8559,34184.2,1.28,3,MSLV
83760.85119999998,2023-06-08T09:29:44.300Z,32.7744706,35.0245397,217.633,1.108,1.1,8559,34184.3,1.28,3,MSLV
83861.30239999997,2023-06-08T09:29:44.400Z,32.7744701,35.0245405,217.647,0.969,1.11,8559,34184.4,1.28,3,MSLV
83961.75359999997,2023-06-08T09:29:44.500Z,32.7744694,35.0245411,217.644,0.895,0.97,8559,34184.5,1.22,3,MSLV
84062.20479999996,2023-06-08T09:29:44.599Z,32.7744688,35.0245418,217.64,0.988,0.89,8559,34184.6,1.22,3,MSLV
84162.656,2023-06-08T09:29:44.699Z,32.7744681,35.0245424,217.644,0.951,0.99,8559,34184.7,1.22,3,MSLV
84262.4808,2023-06-08T09:29:44.800Z,32.7744675,35.024543,217.636,0.874,0.95,8559,34184.8,1.22,3,MSLV
84362.3056,2023-06-08T09:29:44.900Z,32.7744669,35.0245438,217.678,1.018,0.88,8559,34184.9,1.22,3,MSLV
84462.13040000001,2023-06-08T09:29:45.000Z,32.7744662,35.0245445,217.663,0.994,1.02,8559,34185,1.22,3,MSLV
84561.95520000001,2023-06-08T09:29:45.099Z,32.7744655,35.024545,217.689,0.917,0.99,8559,34185.1,1.22,3,MSLV
84661.78000000001,2023-06-08T09:29:45.199Z,32.7744649,35.0245458,217.663,0.958,0.92,8559,34185.2,1.22,3,MSLV
84761.60480000002,2023-06-08T09:29:45.300Z,32.7744642,35.0245465,217.685,1.038,0.96,8559,34185.3,1.22,3,MSLV
84861.42960000002,2023-06-08T09:29:45.400Z,32.7744636,35.024547,217.673,0.854,1.04,8559,34185.4,1.22,3,MSLV
84961.25440000002,2023-06-08T09:29:45.500Z,32.774463,35.0245479,217.664,1.046,0.85,8559,34185.5,1.22,3,MSLV
85061.07920000002,2023-06-08T09:29:45.599Z,32.7744623,35.0245486,217.627,0.989,1.05,8559,34185.6,1.22,3,MSLV
85160.904,2023-06-08T09:29:45.699Z,32.7744618,35.0245493,217.619,0.86,0.99,8559,34185.7,1.22,3,MSLV
85260.8824,2023-06-08T09:29:45.800Z,32.7744609,35.0245499,217.591,1.045,0.86,8559,34185.8,1.22,3,MSLV
85360.8608,2023-06-08T09:29:45.900Z,32.7744603,35.0245507,217.621,1.088,1.05,8559,34185.9,1.22,3,MSLV
85460.83919999999,2023-06-08T09:29:46.000Z,32.7744598,35.0245515,217.663,0.933,1.09,8559,34186,1.22,3,MSLV
85560.81759999998,2023-06-08T09:29:46.099Z,32.774459,35.0245521,217.613,0.997,0.93,8559,34186.1,1.22,3,MSLV
85660.79599999997,2023-06-08T09:29:46.199Z,32.7744583,35.0245528,217.64,0.999,1,8559,34186.2,1.22,3,MSLV
85760.77439999997,2023-06-08T09:29:46.300Z,32.7744577,35.0245536,217.668,1.063,1,8559,34186.3,1.22,3,MSLV
85860.75279999996,2023-06-08T09:29:46.400Z,32.7744571,35.0245542,217.657,0.888,1.06,8559,34186.4,1.22,3,MSLV
85960.73119999995,2023-06-08T09:29:46.500Z,32.7744564,35.024555,217.615,1.003,0.89,8559,34186.5,1.22,3,MSLV
86060.70959999994,2023-06-08T09:29:46.599Z,32.7744557,35.0245556,217.649,0.999,1,8559,34186.6,1.22,3,MSLV
86160.688,2023-06-08T09:29:46.699Z,32.7744551,35.0245562,217.655,0.921,1,8559,34186.7,1.22,3,MSLV
86261.0936,2023-06-08T09:29:46.800Z,32.7744545,35.0245569,217.642,0.909,0.92,8559,34186.8,1.22,3,MSLV
86361.49919999999,2023-06-08T09:29:46.900Z,32.7744538,35.0245575,217.646,0.925,0.91,8559,34186.9,1.22,3,MSLV
86461.90479999999,2023-06-08T09:29:47.000Z,32.7744531,35.0245582,217.637,1.008,0.92,8559,34187,1.22,3,MSLV
86562.31039999999,2023-06-08T09:29:47.099Z,32.7744525,35.0245589,217.635,0.913,1.01,8559,34187.1,1.22,3,MSLV
86662.71599999999,2023-06-08T09:29:47.199Z,32.7744519,35.0245596,217.64,1,0.91,8559,34187.2,1.22,3,MSLV
86763.12159999998,2023-06-08T09:29:47.300Z,32.7744513,35.0245601,217.618,0.77,1,8559,34187.3,1.22,3,MSLV
86863.52719999998,2023-06-08T09:29:47.400Z,32.7744504,35.0245609,217.618,1.123,0.77,8559,34187.4,1.22,3,MSLV
86963.93279999998,2023-06-08T09:29:47.500Z,32.7744498,35.0245618,217.628,1.063,1.12,8559,34187.5,1.22,3,MSLV
87064.33839999998,2023-06-08T09:29:47.599Z,32.7744492,35.0245626,217.643,1.008,1.06,8559,34187.6,1.22,3,MSLV
87164.744,2023-06-08T09:29:47.699Z,32.7744485,35.0245631,217.65,0.932,1.01,8559,34187.7,1.22,3,MSLV
87264.39120000001,2023-06-08T09:29:47.800Z,32.7744478,35.0245639,217.644,1.032,0.93,8559,34187.8,1.22,3,MSLV
87364.03840000002,2023-06-08T09:29:47.900Z,32.7744472,35.0245646,217.665,1,1.03,8559,34187.9,1.22,3,MSLV
87463.68560000003,2023-06-08T09:29:48.000Z,32.7744465,35.0245653,217.655,1.011,1,8559,34188,1.22,3,MSLV
87563.33280000003,2023-06-08T09:29:48.099Z,32.7744458,35.024566,217.659,1.031,1.01,8559,34188.1,1.22,3,MSLV
87662.98000000004,2023-06-08T09:29:48.199Z,32.7744452,35.0245668,217.651,0.935,1.03,8559,34188.2,1.22,3,MSLV
87762.62720000005,2023-06-08T09:29:48.300Z,32.7744445,35.0245673,217.644,0.886,0.94,8559,34188.3,1.22,3,MSLV
87862.27440000005,2023-06-08T09:29:48.400Z,32.7744439,35.0245681,217.631,0.977,0.89,8559,34188.4,1.22,3,MSLV
87961.92160000006,2023-06-08T09:29:48.500Z,32.7744433,35.0245687,217.662,0.976,0.98,8559,34188.5,1.22,3,MSLV
88061.56880000007,2023-06-08T09:29:48.599Z,32.7744427,35.0245694,217.675,0.926,0.98,8559,34188.6,1.22,3,MSLV
88161.216,2023-06-08T09:29:48.699Z,32.7744419,35.0245701,217.639,1.037,0.93,8559,34188.7,1.22,3,MSLV
88261.0024,2023-06-08T09:29:48.800Z,32.7744413,35.0245708,217.629,0.936,1.04,8559,34188.8,1.22,3,MSLV
88360.7888,2023-06-08T09:29:48.900Z,32.7744407,35.0245715,217.655,0.951,0.94,8559,34188.9,1.22,3,MSLV
88460.57519999999,2023-06-08T09:29:49.000Z,32.7744401,35.0245722,217.656,0.939,0.95,8559,34189,1.22,3,MSLV
88560.36159999999,2023-06-08T09:29:49.099Z,32.7744394,35.0245728,217.638,0.985,0.94,8559,34189.1,1.22,3,MSLV
88660.14799999999,2023-06-08T09:29:49.199Z,32.7744388,35.0245736,217.628,0.995,0.98,8559,34189.2,1.22,3,MSLV
88759.93439999998,2023-06-08T09:29:49.300Z,32.7744381,35.0245742,217.632,0.931,1,8559,34189.3,1.22,3,MSLV
88859.72079999998,2023-06-08T09:29:49.400Z,32.7744374,35.0245749,217.656,1.026,0.93,8559,34189.4,1.22,3,MSLV
88959.50719999998,2023-06-08T09:29:49.500Z,32.7744369,35.0245757,217.638,0.974,1.03,8559,34189.5,1.22,3,MSLV
89059.29359999998,2023-06-08T09:29:49.599Z,32.7744362,35.0245764,217.649,1.023,0.97,8559,34189.6,1.22,3,MSLV
89159.08,2023-06-08T09:29:49.699Z,32.7744354,35.024577,217.621,0.995,1.02,8559,34189.7,1.22,3,MSLV
89259.5576,2023-06-08T09:29:49.800Z,32.7744349,35.0245777,217.638,0.96,1,8559,34189.8,1.22,3,MSLV
89360.0352,2023-06-08T09:29:49.900Z,32.7744341,35.0245784,217.652,1.024,0.96,8559,34189.9,1.22,3,MSLV
89460.5128,2023-06-08T09:29:50.000Z,32.7744334,35.0245791,217.625,1.019,1.02,8559,34190,1.22,3,MSLV
89560.9904,2023-06-08T09:29:50.099Z,32.7744327,35.0245797,217.638,1.008,1.02,8559,34190.1,1.22,3,MSLV
89661.468,2023-06-08T09:29:50.199Z,32.7744323,35.0245803,217.636,0.744,1.01,8559,34190.2,1.22,3,MSLV
89761.94559999999,2023-06-08T09:29:50.300Z,32.7744317,35.0245808,217.608,0.775,0.74,8559,34190.3,1.22,3,MSLV
89862.42319999999,2023-06-08T09:29:50.400Z,32.7744312,35.0245815,217.628,0.87,0.78,8559,34190.4,1.22,3,MSLV
89962.90079999999,2023-06-08T09:29:50.500Z,32.7744309,35.024582,217.652,0.619,0.87,8559,34190.5,1.22,3,MSLV
90063.37839999999,2023-06-08T09:29:50.599Z,32.7744303,35.0245821,217.65,0.662,0.62,8559,34190.6,1.22,3,MSLV
90163.856,2023-06-08T09:29:50.699Z,32.77443,35.0245824,217.653,0.483,0.66,8559,34190.7,1.22,3,MSLV
90262.6536,2023-06-08T09:29:50.800Z,32.7744299,35.0245826,217.727,0.27,0.48,8559,34190.8,1.22,3,MSLV
90361.45120000001,2023-06-08T09:29:50.900Z,32.7744294,35.0245827,217.718,0.487,0.29,8559,34190.9,1.22,3,MSLV
90460.24880000002,2023-06-08T09:29:51.000Z,32.7744294,35.024583,217.706,0.307,0.49,8559,34191,1.22,3,MSLV
90559.04640000002,2023-06-08T09:29:51.099Z,32.7744291,35.024583,217.697,0.227,0.31,8559,34191.1,1.22,3,MSLV
90657.84400000003,2023-06-08T09:29:51.199Z,32.774429,35.0245832,217.71,0.207,0.23,8559,34191.2,1.22,3,MSLV
90756.64160000003,2023-06-08T09:29:51.300Z,32.7744288,35.0245831,217.752,0.244,0.21,8559,34191.3,1.22,3,MSLV
90855.43920000004,2023-06-08T09:29:51.400Z,32.7744286,35.024583,217.738,0.195,0.25,8559,34191.4,1.22,3,MSLV
90954.23680000004,2023-06-08T09:29:51.500Z,32.7744284,35.024583,217.742,0.221,0.2,8559,34191.5,1.22,3,MSLV
91053.03440000005,2023-06-08T09:29:51.599Z,32.7744281,35.0245828,217.725,0.36,0.22,8559,34191.6,1.24,3,MSLV
91151.832,2023-06-08T09:29:51.699Z,32.7744278,35.0245826,217.73,0.359,0.36,8559,34191.7,1.12,3,MSLV
91245.03199999999,2023-06-08T09:29:51.800Z,32.7744279,35.0245826,217.736,0.092,0.36,8559,34191.8,1.12,3,MSLV
91338.23199999999,2023-06-08T09:29:51.900Z,32.7744277,35.0245824,217.737,0.168,0.1,8559,34191.9,1.12,3,MSLV
91431.43199999999,2023-06-08T09:29:52.000Z,32.7744278,35.0245823,217.718,0.176,0.17,8559,34192,1.12,3,MSLV
91524.63199999998,2023-06-08T09:29:52.099Z,32.7744277,35.024582,217.7,0.227,0.19,8559,34192.1,1.12,3,MSLV